id,time,x_true,y_true,z_true,x_measure,y_measure,z_measure,r_true,fi_true,psi_true,r_measure,fi_measure,psi_measure,v_x_true_extr,v_y_true_extr,v_z_true_extr,v_r_true_extr,v_fi_true_extr,v_psi_true_extr,v_x_measure_extr,v_y_measure_extr,v_z_measure_extr,v_r_measure_extr,v_fi_measure_extr,v_psi_measure_extr,x_err,y_err,z_err
0,0,0.0,0.0,0.0,-5.6968066663602785,8.256240009938583,18.174498005825566,0.0,,,20.7588892539884,-0.966813261605042,0.5043177303465021,,,,,,,,,,,,,13.0,13.0,13.0
0,1,0.2,0.35,0.04,0.32638153443517176,12.236800404805548,7.961256013344474,0.40509258201058185,1.0516502125483735,1.4718922992774224,14.602308254624782,1.5441305187042944,0.9941623187833624,0.2,0.35,0.04,0.40509258201058185,,,6.023188200795451,3.9805603948669646,-10.213241992481091,-6.156580999363618,2.5109437803093364,0.4898445884368603,13.0,13.0,13.0
0,2,0.4,0.7,0.08,19.32580770086655,2.0752210532603543,-15.714364042168922,0.8101851640211637,1.0516502125483735,1.4718922992774224,24.994691895692164,0.1069709275888256,-0.8909056010260833,0.2,0.35,0.04,0.40509258201058185,0.0,0.0,18.99942616643138,-10.161579351545193,-23.675620055513395,10.392383641067381,-1.4371595911154689,-1.8850679198094458,13.0,13.0,13.0
0,3,0.6000000000000001,1.0499999999999998,0.12,12.424812520145588,4.166808456205246,8.150280347565158,1.2152777460317454,1.0516502125483735,1.4718922992774224,15.432606021517458,0.3235751318847953,1.0144102662884724,0.20000000000000007,0.34999999999999987,0.039999999999999994,0.40509258201058174,0.0,0.0,-6.9009951807209635,2.0915874029448913,23.86464438973408,-9.562085874174706,0.21660420429596972,1.9053158673145556,13.0,13.0,13.0
0,4,0.8,1.4,0.16,-1.7068471589320244,-0.7065679254715023,-7.123056755024265,1.6203703280423274,1.0516502125483735,1.4718922992774224,7.358702534588298,0.39248337129896926,-0.2537523150270434,0.19999999999999996,0.3500000000000001,0.04000000000000001,0.40509258201058196,0.0,0.0,-14.131659679077613,-4.8733763816767475,-15.273337102589423,-8.07390348692916,0.06890823941417396,-1.2681625813155157,13.0,13.0,13.0
0,5,1.0,1.75,0.2,0.37982105776441655,-2.8863815203269807,23.552905772194045,2.0254629100529096,1.0516502125483738,1.4718922992774224,23.73214766157201,-1.4399573464329516,0.1229815476903224,0.19999999999999996,0.3500000000000001,0.04000000000000001,0.4050925820105822,2.220446049250313e-16,0.0,2.0866682166964408,-2.1798135948554784,30.67596252721831,16.37344512698371,-1.8324407177319209,0.37673386271736575,13.0,13.0,13.0
0,6,1.2000000000000002,2.0999999999999996,0.24,8.146575911287115,-4.090790578168644,-7.4797221934044735,2.430555492063491,1.0516502125483735,1.4718922992774224,11.791840853883004,-0.4653649024443749,-0.8836763227292502,0.20000000000000018,0.34999999999999964,0.03999999999999998,0.4050925820105813,-2.220446049250313e-16,0.0,7.7667548535226985,-1.204409057841663,-31.032627965598518,-11.940306807689007,0.9745924439885767,-1.0066578704195726,13.0,13.0,13.0
0,7,1.4000000000000001,2.4499999999999997,0.28,-3.1305004174734314,15.374611424356909,15.237729371843786,2.835648074074073,1.0516502125483735,1.4718922992774224,21.87160501022543,-1.3699273020894904,0.8000232367847668,0.19999999999999996,0.3500000000000001,0.040000000000000036,0.4050925820105822,0.0,0.0,-11.277076328760547,19.46540200252555,22.71745156524826,10.079764156342426,-0.9045623996451155,1.6836995595140172,13.0,13.0,13.0
0,8,1.6,2.8,0.32,10.706480682172828,-6.583722579411185,3.105378593753626,3.240740656084655,1.0516502125483735,1.4718922992774224,12.946718032417785,-0.5513242523224214,1.3285763743761203,0.19999999999999996,0.3500000000000001,0.03999999999999998,0.40509258201058174,0.0,0.0,13.836981099646259,-21.958334003768094,-12.13235077809016,-8.924886977807645,0.818603049767069,0.5285531375913535,13.0,13.0,13.0
0,9,1.8,3.15,0.36,-12.396747555331078,16.399891747652838,22.972169581129997,3.645833238095237,1.0516502125483738,1.4718922992774224,30.827850631361457,-0.9235272068861408,0.7299978397197369,0.19999999999999996,0.3500000000000001,0.03999999999999998,0.4050925820105822,2.220446049250313e-16,0.0,-23.103228237503906,22.98361432706402,19.86679098737637,17.881132598943672,-0.3722029545637193,-0.5985785346563834,13.0,13.0,13.0
0,10,2.0,3.5,0.4,4.941293513549309,-11.79912979083105,-10.341836160582055,4.050925820105819,1.0516502125483738,1.4718922992774224,16.449602444443567,-1.174201959643492,-0.8909182137880614,0.19999999999999996,0.3500000000000001,0.040000000000000036,0.4050925820105822,0.0,0.0,17.338041068880386,-28.199021538483887,-33.31400574171205,-14.37824818691789,-0.2506747527573513,-1.6209160535077982,13.0,13.0,13.0
0,11,2.2,3.8499999999999996,0.44,-5.800352503843292,8.547649626005516,-2.027872437018114,4.4560184021164,1.0516502125483735,1.4718922992774224,10.52704469063427,-0.9745842336120314,-1.376950056494107,0.20000000000000018,0.34999999999999964,0.03999999999999998,0.40509258201058085,-2.220446049250313e-16,0.0,-10.7416460173926,20.346779416836565,8.31396372356394,-5.922557753809297,0.19961772603146066,-0.4860318427060457,13.0,13.0,13.0
0,12,2.4000000000000004,4.199999999999999,0.48,7.783202860197694,-16.76654872612968,-0.1664281543186945,4.861110984126982,1.0516502125483735,1.4718922992774224,18.48575400894484,-1.1361882402089631,-1.5617931558870195,0.20000000000000018,0.34999999999999964,0.03999999999999998,0.40509258201058174,0.0,0.0,13.583555364040986,-25.314198352135197,1.8614442826994195,7.9587093183105715,-0.16160400659693175,-0.18484309939291244,13.0,13.0,13.0
0,13,2.6,4.55,0.52,-9.994625267682443,10.69585397509333,15.127445395961585,5.266203566137564,1.0516502125483735,1.4718922992774224,21.050734683276865,-0.8192765671366143,0.7689828017098849,0.19999999999999973,0.35000000000000053,0.040000000000000036,0.4050925820105826,0.0,0.0,-17.777828127880134,27.462402701223013,15.29387355028028,2.5649806743320234,0.3169116730723488,2.3307759575969045,13.0,13.0,13.0
0,14,2.8000000000000003,4.8999999999999995,0.56,-7.708881515695349,12.089162893906927,0.010717973691461768,5.671296148148146,1.0516502125483735,1.4718922992774224,14.337880895495177,-1.0031387171930313,1.5700487982885727,0.20000000000000018,0.34999999999999964,0.040000000000000036,0.40509258201058174,0.0,0.0,2.285743751987093,1.393308918813597,-15.116727422270124,-6.712853787781688,-0.18386215005641693,0.8010659965786878,13.0,13.0,13.0
0,15,3.0,5.25,0.6,-1.9702857356960735,4.00715519406552,17.40192894060344,6.076388730158728,1.0516502125483738,1.4718922992774224,17.965702031466105,-1.1138172635082124,0.25118133416827493,0.19999999999999973,0.35000000000000053,0.039999999999999925,0.40509258201058174,2.220446049250313e-16,0.0,5.738595779999276,-8.082007699841407,17.391210966911977,3.627821135970928,-0.11067854631518115,-1.3188674641202978,13.0,13.0,13.0
0,16,3.2,5.6,0.64,21.665962798829295,-13.888611905332253,-20.203316699762762,6.48148131216931,1.0516502125483735,1.4718922992774224,32.71821343423422,-0.5700461627489362,-0.9052429552986669,0.20000000000000018,0.34999999999999964,0.040000000000000036,0.40509258201058174,-2.220446049250313e-16,0.0,23.636248534525368,-17.895767099397773,-37.605245640366206,14.752511402768118,0.5437711007592763,-1.1564242894669419,13.0,13.0,13.0
0,17,3.4000000000000004,5.949999999999999,0.68,18.656776676238067,34.15658030894264,0.33369624114448093,6.886573894179891,1.0516502125483735,1.4718922992774224,38.92118507355117,1.0708650589689792,1.5622225814468422,0.20000000000000018,0.34999999999999964,0.040000000000000036,0.40509258201058174,0.0,0.0,-3.0091861225912275,48.04519221427489,20.537012940907243,6.202971639316949,1.6409112217179154,2.467465536745509,13.0,13.0,13.0
0,18,3.6,6.3,0.72,10.692569701356673,42.28958882696391,29.391215106751996,7.291666476190474,1.0516502125483738,1.4718922992774224,52.59832597548526,1.3231449566254825,0.9778749553593963,0.19999999999999973,0.35000000000000053,0.039999999999999925,0.4050925820105826,2.220446049250313e-16,0.0,-7.964206974881394,8.13300851802127,29.057518865607516,13.677140901934088,0.25227989765650327,-0.584347626087446,13.0,13.0,13.0
0,19,3.8000000000000003,6.6499999999999995,0.76,22.88447198691911,10.314777061424113,-6.434838827816913,7.696759058201055,1.0516502125483735,1.4718922992774224,25.913333145061575,0.42346297180388326,-1.3198491893957705,0.20000000000000018,0.34999999999999964,0.040000000000000036,0.40509258201058085,-2.220446049250313e-16,0.0,12.191902285562437,-31.974811765539794,-35.82605393456891,-26.684992830423685,-0.8996819848215992,-2.2977241447551666,13.0,13.0,13.0
0,20,4.0,7.0,0.8,18.0049574164394,4.182780698715458,16.015361935693072,8.101851640211638,1.0516502125483738,1.4718922992774224,24.457431669588473,0.22826380280226374,0.8568439667340456,0.19999999999999973,0.35000000000000053,0.040000000000000036,0.4050925820105835,2.220446049250313e-16,0.0,-4.87951457047971,-6.131996362708655,22.450200763509983,-1.4559014754731017,-0.19519916900161952,2.176693156129816,13.0,13.0,13.0
0,21,4.2,7.35,0.84,-7.284656278099042,20.29167256004699,24.705973535876318,8.50694422222222,1.0516502125483735,1.4718922992774224,32.79029308697366,-1.22612866216113,0.7174968976906271,0.20000000000000018,0.34999999999999964,0.039999999999999925,0.40509258201058174,-2.220446049250313e-16,0.0,-25.289613694538442,16.108891861331532,8.690611600183246,8.332861417385189,-1.4543924649633937,-0.13934706904341854,13.0,13.0,13.0
0,22,4.4,7.699999999999999,0.88,12.721164502441576,32.08346198187639,16.376914994296683,8.9120368042328,1.0516502125483735,1.4718922992774224,38.20183115730327,1.1933088931723164,1.1277490606822567,0.20000000000000018,0.34999999999999964,0.040000000000000036,0.40509258201057996,0.0,0.0,20.005820780540617,11.7917894218294,-8.329058541579634,5.411538070329605,2.419437555333446,0.4102521629916296,13.0,13.0,13.0
0,23,4.6000000000000005,8.049999999999999,0.92,26.250267859374944,-3.95144869431131,1.0973387283278457,9.317129386243382,1.0516502125483735,1.4718922992774224,26.568678208698977,-0.1494080909559118,1.5294826060870448,0.20000000000000018,0.34999999999999964,0.040000000000000036,0.40509258201058174,0.0,0.0,13.529103356933367,-36.0349106761877,-15.279576265968839,-11.633152948604291,-1.342716984128228,0.4017335454047881,13.0,13.0,13.0
0,24,4.800000000000001,8.399999999999999,0.96,10.500920064679015,-10.344354388768568,-5.664371830588714,9.722221968253963,1.0516502125483735,1.4718922992774224,15.791139862605892,-0.7778874572057165,-1.2039153822660813,0.20000000000000018,0.34999999999999964,0.039999999999999925,0.40509258201058174,0.0,0.0,-15.749347794695929,-6.392905694457259,-6.76171055891656,-10.777538346093085,-0.6284793662498047,-2.733397988353126,13.0,13.0,13.0
0,25,5.0,8.75,1.0,6.087880345391073,-3.1398072910921755,9.935538711165233,10.127314550264547,1.0516502125483738,1.4718922992774224,12.067957839090152,-0.4761658663429278,0.6035973007623846,0.1999999999999993,0.3500000000000014,0.040000000000000036,0.4050925820105835,2.220446049250313e-16,0.0,-4.413039719287942,7.204547097676393,15.599910541753946,-3.72318202351574,0.3017215908627887,1.8075126830284658,13.0,13.0,13.0
0,26,5.2,9.1,1.04,7.946841440667869,16.851772478638512,-13.024567083608439,10.532407132275129,1.0516502125483735,1.4718922992774224,22.7326609148672,1.130147800024519,-0.9607015785932648,0.20000000000000018,0.34999999999999964,0.040000000000000036,0.40509258201058174,-2.220446049250313e-16,0.0,1.858961095276796,19.991579769730688,-22.96010579477367,10.664703075777048,1.6063136663674469,-1.5642988793556494,13.0,13.0,13.0
0,27,5.4,9.45,1.08,-7.952978152768379,-11.931015761186828,4.788960468475839,10.937499714285709,1.0516502125483735,1.4718922992774224,15.117312623635327,0.9828536289292534,1.2484567632755639,0.20000000000000018,0.34999999999999964,0.040000000000000036,0.40509258201057996,0.0,0.0,-15.899819593436249,-28.78278823982534,17.813527552084278,-7.615348291231873,-0.14729417109526566,2.2091583418688288,13.0,13.0,13.0
0,28,5.6000000000000005,9.799999999999999,1.12,12.433152639544556,-5.4710568725604585,7.495035369106964,11.342592296296292,1.0516502125483735,1.4718922992774224,15.514229050944463,-0.41453852538945657,1.0665962936739497,0.20000000000000018,0.34999999999999964,0.040000000000000036,0.4050925820105835,0.0,0.0,20.386130792312933,6.459958888626369,2.7060749006311253,0.39691642730913657,-1.39739215431871,-0.18186046960161417,13.0,13.0,13.0
0,29,5.800000000000001,10.149999999999999,1.16,-9.477067436853133,6.101661132832749,29.21475922611808,11.747684878306872,1.0516502125483735,1.4718922992774224,31.31369081444465,-0.5720285945834663,0.3682165049772277,0.20000000000000018,0.34999999999999964,0.039999999999999813,0.40509258201057996,0.0,0.0,-21.91022007639769,11.572718005393208,21.719723857011115,15.799461763500188,-0.15749006919400976,-0.698379788696722,13.0,13.0,13.0
0,30,6.0,10.5,1.2,12.351280719253882,19.46223356316448,14.619261339141246,12.152777460317456,1.0516502125483738,1.4718922992774224,27.295704291611322,1.0053033589283027,1.0055920268606802,0.1999999999999993,0.3500000000000014,0.040000000000000036,0.4050925820105835,2.220446049250313e-16,0.0,21.828348156107015,13.360572430331732,-14.595497886976833,-4.017986522833329,1.5773319535117691,0.6373755218834525,13.0,13.0,13.0
0,31,6.2,10.85,1.24,10.668690901217445,8.476533346068948,-11.52978923764325,12.557870042328037,1.0516502125483738,1.4718922992774224,17.849611283644606,0.6713931237372557,-0.8685415003699937,0.20000000000000018,0.34999999999999964,0.040000000000000036,0.40509258201058174,0.0,0.0,-1.682589818036437,-10.985700217095534,-26.149050576784497,-9.446093007966716,-0.333910235191047,-1.8741335272306738,13.0,13.0,13.0
0,32,6.4,11.2,1.28,5.42329346511582,2.8265553247245148,5.899349403852577,12.96296262433862,1.0516502125483735,1.4718922992774224,8.497284884081045,0.48045395403147173,0.8034011182717022,0.20000000000000018,0.34999999999999964,0.040000000000000036,0.40509258201058174,-2.220446049250313e-16,0.0,-5.245397436101626,-5.649978021344433,17.429138641495825,-9.35232639956356,-0.19093916970578395,1.671942618641696,13.0,13.0,13.0
0,33,6.6000000000000005,11.549999999999999,1.32,13.228551982988456,17.752779078319357,-21.70271304859606,13.3680552063492,1.0516502125483735,1.4718922992774224,31.002637085253617,0.9304039644210488,-0.7953596660754212,0.20000000000000018,0.34999999999999964,0.040000000000000036,0.40509258201058174,0.0,0.0,7.805258517872637,14.926223753594842,-27.602062452448635,22.50535220117257,0.44995001038957705,-1.5987607843471234,13.0,13.0,13.0
0,34,6.800000000000001,11.899999999999999,1.36,9.456812878417567,12.882635083941478,-0.05407598119965695,13.773147788359783,1.0516502125483735,1.4718922992774224,15.981130145742101,0.9375657415087667,-1.567412580845814,0.20000000000000018,0.34999999999999964,0.040000000000000036,0.40509258201058174,0.0,0.0,-3.771739104570889,-4.870143994377878,21.648637067396404,-15.021506939511516,0.007161777087717924,-0.7720529147703927,13.0,13.0,13.0
0,35,7.0,12.25,1.4000000000000001,-1.762387802922614,15.486036241509971,11.361261966914673,14.178240370370366,1.0516502125483738,1.4718922992774224,19.28734307057643,-1.457478897029238,0.9409102220654755,0.1999999999999993,0.3500000000000014,0.040000000000000036,0.4050925820105835,2.220446049250313e-16,0.0,-11.219200681340181,2.603401157568493,11.415337948114331,3.3062129248343286,-2.3950446385380046,2.508322802911289,13.0,13.0,13.0
0,36,7.2,12.6,1.44,-15.875995128215745,28.498681668463885,3.356396573376836,14.583332952380948,1.0516502125483738,1.4718922992774224,32.79462571991553,-1.062535021817421,1.468270872449637,0.20000000000000018,0.34999999999999964,0.039999999999999813,0.40509258201058174,0.0,0.0,-14.113607325293131,13.012645426953913,-8.004865393537838,13.5072826493391,0.39494387521181706,0.5273606503841615,13.0,13.0,13.0
0,37,7.4,12.95,1.48,9.594228517164385,20.055380910019366,19.411907767043775,14.98842553439153,1.0516502125483735,1.4718922992774224,29.514228559150144,1.124588334605552,0.8530169893160292,0.20000000000000018,0.34999999999999964,0.040000000000000036,0.40509258201058174,-2.220446049250313e-16,0.0,25.47022364538013,-8.443300758444519,16.055511193666938,-3.2803971607653857,2.187123356422973,-0.6152538831336077,13.0,13.0,13.0
0,38,7.6000000000000005,13.299999999999999,1.52,11.467000638462974,28.803827389514066,12.957043358784487,15.39351811640211,1.0516502125483735,1.4718922992774224,33.60115397614868,1.1919230507264762,1.1749241627774305,0.20000000000000018,0.34999999999999964,0.040000000000000036,0.40509258201057996,0.0,0.0,1.8727721212985884,8.7484464794947,-6.454864408259288,4.086925416998536,0.06733471612092412,0.3219071734614013,13.0,13.0,13.0
0,39,7.800000000000001,13.649999999999999,1.56,-7.523169151072874,14.965145860456197,-16.227346149353455,15.798610698412693,1.0516502125483735,1.4718922992774224,23.321244129576797,-1.1049808990501635,-0.8012378429868081,0.20000000000000018,0.34999999999999964,0.040000000000000036,0.4050925820105835,0.0,0.0,-18.990169789535848,-13.838681529057869,-29.18438950813794,-10.279909846571883,-2.29690394977664,-1.9761620057642386,13.0,13.0,13.0
0,40,8.0,14.0,1.6,27.340919633684212,26.077923834378986,8.273725889379069,16.203703280423277,1.0516502125483738,1.4718922992774224,38.67865739681035,0.7617593038422698,1.3552211417602127,0.1999999999999993,0.3500000000000014,0.040000000000000036,0.4050925820105835,2.220446049250313e-16,0.0,34.86408878475709,11.112777973922789,24.501072038732524,15.357413267233554,1.8667402028924331,2.1564589847470206,13.0,13.0,13.0
0,41,8.200000000000001,14.35,1.6400000000000001,25.81536187530032,4.264047412250486,22.161991121183164,16.60879586243386,1.0516502125483735,1.4718922992774224,34.28948613703668,0.1636967879354224,0.8680440467285196,0.20000000000000107,0.34999999999999964,0.040000000000000036,0.40509258201058174,-2.220446049250313e-16,0.0,-1.5255577583838935,-21.8138764221285,13.888265231804095,-4.3891712597736685,-0.5980625159068473,-0.48717709503169304,13.0,13.0,13.0
0,42,8.4,14.7,1.68,9.424224045972842,8.601163901530606,6.042375051420802,17.01388844444444,1.0516502125483735,1.4718922992774224,14.117588873165221,0.7397686961954162,1.128513958754834,0.1999999999999993,0.34999999999999964,0.039999999999999813,0.40509258201058174,0.0,0.0,-16.391137829327477,4.33711648928012,-16.119616069762362,-20.17189726387146,0.5760719082599938,0.2604699120263144,13.0,13.0,13.0
0,43,8.6,15.049999999999999,1.72,13.116595040560366,11.359168349703353,14.772559389546686,17.41898102645502,1.0516502125483738,1.4718922992774224,22.78824876932493,0.713718446774803,0.8655080147113068,0.1999999999999993,0.34999999999999964,0.040000000000000036,0.4050925820105782,2.220446049250313e-16,0.0,3.692370994587524,2.7580044481727466,8.730184338125884,8.670659896159709,-0.02605024942061318,-0.2630059440435273,13.0,13.0,13.0
0,44,8.8,15.399999999999999,1.76,22.411419662968953,-3.503880595475003,6.140118000833511,17.8240736084656,1.0516502125483735,1.4718922992774224,23.49999914045142,-0.15508804738885545,1.3064466128582735,0.20000000000000107,0.34999999999999964,0.040000000000000036,0.40509258201058174,-2.220446049250313e-16,0.0,9.294824622408587,-14.863048945178356,-8.632441388713175,0.7117503711264881,-0.8688064941636584,0.4409385981469667,13.0,13.0,13.0
0,45,9.0,15.749999999999998,1.8,-1.9013261020014998,-10.284966244602549,8.13673383507411,18.22916619047618,1.0516502125483735,1.4718922992774224,13.251490825624336,1.3879954894878783,0.9096474731315495,0.1999999999999993,0.34999999999999964,0.040000000000000036,0.40509258201058174,0.0,0.0,-24.31274576497045,-6.7810856491275455,1.9966158342405995,-10.248508314827083,1.5430835368767337,-0.396799139726724,13.0,13.0,13.0
0,46,9.200000000000001,16.099999999999998,1.84,-7.606705753045487,43.83610286512676,-3.2097274791814687,18.634258772486763,1.0516502125483735,1.4718922992774224,44.60681828270206,-1.3989811695400851,-1.4987781042186772,0.20000000000000107,0.34999999999999964,0.040000000000000036,0.40509258201058174,0.0,0.0,-5.705379651043987,54.12106910972931,-11.34646131425558,31.35532745707772,-2.7869766590279634,-2.4084255773502266,13.0,13.0,13.0
0,47,9.4,16.45,1.8800000000000001,15.260826645075667,22.27877621999022,11.50712456302908,19.03935135449735,1.0516502125483735,1.4718922992774224,29.3538858664491,0.970212701722469,1.1679768825224168,0.1999999999999993,0.3500000000000014,0.040000000000000036,0.4050925820105853,0.0,0.0,22.867532398121156,-21.55732664513654,14.716852042210549,-15.252932416252957,2.369193871262554,2.6667549867410942,13.0,13.0,13.0
0,48,9.600000000000001,16.799999999999997,1.92,12.235354638940356,16.4855544637134,15.076377443268028,19.444443936507927,1.0516502125483735,1.4718922992774224,25.47105349074869,0.9323146932354704,0.937379268393377,0.20000000000000107,0.34999999999999787,0.039999999999999813,0.4050925820105782,0.0,0.0,-3.0254720061353115,-5.793221756276822,3.569252880238947,-3.88283237570041,-0.037898008486998536,-0.23059761412903979,13.0,13.0,13.0
0,49,9.8,17.15,1.96,-7.467059595906072,18.893249651750356,3.023387416562263,19.849536518518512,1.0516502125483735,1.4718922992774224,20.539053845851928,-1.1944142389898376,1.4230575868760347,0.1999999999999993,0.3500000000000014,0.040000000000000036,0.4050925820105853,0.0,0.0,-19.70241423484643,2.407695188036957,-12.052990026705764,-4.931999644896763,-2.126728932225308,0.48567831848265763,13.0,13.0,13.0
0,50,10.0,17.5,2.0,23.533017537378818,8.36445011811955,8.550272505112083,20.254629100529094,1.0516502125483738,1.4718922992774224,26.39837305791334,0.3415081604511818,1.2409539364047442,0.1999999999999993,0.3500000000000014,0.040000000000000036,0.40509258201058174,2.220446049250313e-16,0.0,31.00007713328489,-10.528799533630806,5.52688508854982,5.859319212061411,1.5359223994410194,-0.1821036504712905,13.0,13.0,13.0
0,51,10.200000000000001,17.849999999999998,2.04,18.412282016011922,34.07112895142538,23.19430127758776,20.659721682539676,1.0516502125483735,1.4718922992774224,45.14232569127694,1.075347880497486,1.0311835109065401,0.20000000000000107,0.34999999999999787,0.040000000000000036,0.40509258201058174,-2.220446049250313e-16,0.0,-5.120735521366896,25.70667883330583,14.644028772475675,18.743952633363598,0.7338397200463043,-0.20977042549820402,13.0,13.0,13.0
0,52,10.4,18.2,2.08,-4.161538443011162,20.089443836815192,15.13940389796826,21.064814264550257,1.0516502125483735,1.4718922992774224,25.497170554220876,-1.3665348304004898,0.9350626745210319,0.1999999999999993,0.3500000000000014,0.040000000000000036,0.40509258201058174,0.0,0.0,-22.573820459023082,-13.981685114610187,-8.054897379619499,-19.64515513705606,-2.4418827108979757,-0.09612083638550828,13.0,13.0,13.0
0,53,10.600000000000001,18.549999999999997,2.12,26.611910361977984,18.12153977442961,-0.3025820882943906,21.469906846560836,1.0516502125483735,1.4718922992774224,32.197446060679134,0.5978300808193536,-1.5613984838184454,0.20000000000000107,0.34999999999999787,0.040000000000000036,0.4050925820105782,0.0,0.0,30.773448804989144,-1.967904062385582,-15.441985986262651,6.700275506458258,1.9643649112198434,-2.496461158339477,13.0,13.0,13.0
0,54,10.8,18.9,2.16,40.23515097798885,0.7879095429137735,-7.54433887826155,21.874999428571417,1.0516502125483735,1.4718922992774224,40.94392781328411,0.01958011418809846,-1.3854771421660144,0.1999999999999993,0.3500000000000014,0.040000000000000036,0.40509258201058174,0.0,0.0,13.623240616010868,-17.333630231515837,-7.24175678996716,8.746481752604979,-0.5782499666312552,0.175921341652431,13.0,13.0,13.0
0,55,11.0,19.25,2.2,4.140159419509024,28.357281589073295,15.876254121242756,22.280092010582003,1.0516502125483738,1.4718922992774224,32.761742689655904,1.4258207640167997,1.0648935123552403,0.1999999999999993,0.3500000000000014,0.040000000000000036,0.4050925820105853,2.220446049250313e-16,0.0,-36.094991558479826,27.569372046159522,23.420592999504308,-8.182185123628209,1.4062406498287012,2.4503706545212545,13.0,13.0,13.0
0,56,11.200000000000001,19.599999999999998,2.24,-11.21742943323756,42.655374090472165,11.467415145480752,22.685184592592584,1.0516502125483735,1.4718922992774224,45.572066795424035,-1.3136407648747546,1.3164296185244482,0.20000000000000107,0.34999999999999787,0.040000000000000036,0.40509258201058174,-2.220446049250313e-16,0.0,-15.357588852746584,14.29809250139887,-4.408838975762004,12.810324105768132,-2.739461528891554,0.25153610616920785,13.0,13.0,13.0
0,57,11.4,19.95,2.2800000000000002,1.4022988555309546,16.673009921908477,14.18281220763171,23.090277174603166,1.0516502125483735,1.4718922992774224,21.934171150358726,1.4868878846229348,0.86766686118368,0.1999999999999993,0.3500000000000014,0.040000000000000036,0.40509258201058174,0.0,0.0,12.619728288768515,-25.982364168563688,2.7153970621509576,-23.63789564506531,2.8005286494976893,-0.4487627573407682,13.0,13.0,13.0
0,58,11.600000000000001,20.299999999999997,2.32,12.219691008703734,16.23027673669123,12.13113211990276,23.495369756613744,1.0516502125483735,1.4718922992774224,23.662356133916838,0.9254451168266906,1.0324971664760267,0.20000000000000107,0.34999999999999787,0.03999999999999959,0.4050925820105782,0.0,0.0,10.81739215317278,-0.44273318521724647,-2.0516800877289487,1.728184983558112,-0.5614427677962441,0.16483030529234677,13.0,13.0,13.0
0,59,11.8,20.65,2.36,3.2049150443268744,9.952621763838785,17.366091242958344,23.90046233862433,1.0516502125483735,1.4718922992774224,20.270848168592863,1.2592646610199867,0.5419533780087573,0.1999999999999993,0.3500000000000014,0.040000000000000036,0.4050925820105853,0.0,0.0,-9.01477596437686,-6.277654972852446,5.234959123055583,-3.3915079653239744,0.33381954419329607,-0.4905437884672694,13.0,13.0,13.0
0,60,12.0,21.0,2.4,24.940364764700433,33.614961984325696,2.3175420576175134,24.30555492063491,1.0516502125483738,1.4718922992774224,41.92085954501409,0.9324720735912939,1.5154843836793201,0.1999999999999993,0.3500000000000014,0.040000000000000036,0.40509258201058174,2.220446049250313e-16,0.0,21.73544972037356,23.66234022048691,-15.04854918534083,21.650011376421226,-0.32679258742869277,0.9735310056705628,13.0,13.0,13.0
0,61,12.200000000000001,21.349999999999998,2.44,14.150518151330854,17.648338868223018,7.371342245259994,24.710647502645493,1.0516502125483735,1.4718922992774224,23.7915471387535,0.8949560261179624,1.2557817797954072,0.20000000000000107,0.34999999999999787,0.040000000000000036,0.40509258201058174,-2.220446049250313e-16,0.0,-10.78984661336958,-15.966623116102678,5.05380018764248,-18.12931240626059,-0.03751604747333148,-0.259702603883913,13.0,13.0,13.0
0,62,12.4,21.7,2.48,24.097164397379096,30.422564778644762,9.568009349266305,25.115740084656075,1.0516502125483738,1.4718922992774224,39.97189741071593,0.9009021472115291,1.3290810334033376,0.1999999999999993,0.3500000000000014,0.040000000000000036,0.40509258201058174,2.220446049250313e-16,0.0,9.946646246048243,12.774225910421745,2.196667104006311,16.180350271962432,0.005946121093566625,0.07329925360793044,13.0,13.0,13.0
0,63,12.600000000000001,22.049999999999997,2.52,19.069218338444205,11.353300991383636,-9.143033236148892,25.520832666666657,1.0516502125483735,1.4718922992774224,24.002657940268463,0.5370104746638865,-1.1800078864410999,0.20000000000000107,0.34999999999999787,0.040000000000000036,0.40509258201058174,-2.220446049250313e-16,0.0,-5.027946058934891,-19.06926378726113,-18.711042585415196,-15.96923947044747,-0.36389167254764254,-2.5090889198444373,13.0,13.0,13.0
0,64,12.8,22.4,2.56,24.999395471649272,21.24198341704501,0.5926892517173514,25.92592524867724,1.0516502125483735,1.4718922992774224,32.81071340259207,0.7043198052804153,1.5527314501792209,0.1999999999999993,0.3500000000000014,0.040000000000000036,0.40509258201058174,0.0,0.0,5.930177133205067,9.888682425661374,9.735722487866243,8.808055462323608,0.16730933061652875,2.7327393366203205,13.0,13.0,13.0
0,65,13.0,22.75,2.6,4.442776347347765,38.124272525861954,1.710957322306197,26.33101783068782,1.0516502125483738,1.4718922992774224,38.42038251055679,1.4547855256816493,1.526249051907141,0.1999999999999993,0.3500000000000014,0.040000000000000036,0.40509258201058174,2.220446049250313e-16,0.0,-20.556619124301506,16.882289108816945,1.1182680705888455,5.60966910796472,0.750465720401234,-0.026482398272079877,13.0,13.0,13.0
0,66,13.200000000000001,23.099999999999998,2.64,18.74459905492212,31.774101370668912,5.257020333590718,26.7361104126984,1.0516502125483735,1.4718922992774224,37.26378636734487,1.037811728284409,1.4292482775673385,0.20000000000000107,0.34999999999999787,0.040000000000000036,0.40509258201058174,-2.220446049250313e-16,0.0,14.301822707574354,-6.350171155193042,3.5460630112845215,-1.156596143211921,-0.4169737973972403,-0.09700077433980248,13.0,13.0,13.0
0,67,13.4,23.45,2.68,-1.27498914367583,45.02265808499844,16.73245637497401,27.141202994708983,1.0516502125483738,1.4718922992774224,48.04831354684132,-1.5424850601290663,1.2151009230438277,0.1999999999999993,0.3500000000000014,0.040000000000000036,0.40509258201058174,2.220446049250313e-16,0.0,-20.01958819859795,13.248556714329528,11.475436041383292,10.78452717949645,-2.5802967884134755,-0.21414735452351086,13.0,13.0,13.0
0,68,13.600000000000001,23.799999999999997,2.72,8.523471658002222,16.145629300674315,4.885900373169031,27.546295576719565,1.0516502125483735,1.4718922992774224,18.89981314923757,1.0850692494149659,1.3093108651045586,0.20000000000000107,0.34999999999999787,0.040000000000000036,0.40509258201058174,-2.220446049250313e-16,0.0,9.798460801678052,-28.877028784324125,-11.846556001804979,-29.14850039760375,2.627554309544032,0.09420994206073097,13.0,13.0,13.0
0,69,13.8,24.15,2.7600000000000002,15.552962389167956,33.52957885136702,12.67191867294375,27.95138815873015,1.0516502125483735,1.4718922992774224,39.07307026434719,1.1364780592971075,1.240510563611493,0.1999999999999993,0.3500000000000014,0.040000000000000036,0.4050925820105853,0.0,0.0,7.029490731165733,17.383949550692705,7.786018299774719,20.173257115109617,0.05140880988214169,-0.0688003014930656,13.0,13.0,13.0
0,70,14.0,24.5,2.8000000000000003,14.668069449715713,20.105684351630302,-15.243550231229467,28.356480740740732,1.0516502125483738,1.4718922992774224,29.184869852049896,0.940513250921972,-1.0212387168488233,0.1999999999999993,0.3500000000000014,0.040000000000000036,0.40509258201058174,2.220446049250313e-16,0.0,-0.8848929394522429,-13.423894499736718,-27.915468904173217,-9.88820041229729,-0.19596480837513552,-2.2617492804603163,13.0,13.0,13.0
0,71,14.200000000000001,24.849999999999998,2.84,7.034357442915546,16.42975686263531,-4.979795421402889,28.76157332275131,1.0516502125483735,1.4718922992774224,18.553098329902706,1.1662628389038314,-1.2990565770778204,0.20000000000000107,0.34999999999999787,0.03999999999999959,0.4050925820105782,-2.220446049250313e-16,0.0,-7.633712006800167,-3.6759274889949936,10.263754809826578,-10.63177152214719,0.2257495879818594,-0.2778178602289971,13.0,13.0,13.0
0,72,14.4,25.2,2.88,24.58108675201685,-2.2312081120229585,12.89886736447136,29.166665904761896,1.0516502125483738,1.4718922992774224,27.849396669148145,-0.09052124337022253,1.0892332456753342,0.1999999999999993,0.3500000000000014,0.040000000000000036,0.4050925820105853,2.220446049250313e-16,0.0,17.546729309101305,-18.660964974658267,17.878662785874248,9.296298339245439,-1.256784082274054,2.388289822753155,13.0,13.0,13.0
0,73,14.600000000000001,25.549999999999997,2.92,22.94363973586686,29.596090860446143,14.054044008347468,29.571758486772477,1.0516502125483735,1.4718922992774224,39.99819185335257,0.9113454884464561,1.211765541189674,0.20000000000000107,0.34999999999999787,0.040000000000000036,0.40509258201058174,-2.220446049250313e-16,0.0,-1.6374470161499914,31.8272989724691,1.155176643876107,12.148795184204427,1.0018667318166787,0.12253229551433975,13.0,13.0,13.0
0,74,14.8,25.9,2.96,26.670676395626245,40.30714148352209,3.412762927735172,29.97685106878306,1.0516502125483735,1.4718922992774224,48.452425994719874,0.9862497187957863,1.500302620030331,0.1999999999999993,0.3500000000000014,0.040000000000000036,0.40509258201058174,0.0,0.0,3.727036659759385,10.711050623075945,-10.641281080612295,8.454234141367301,0.07490423034933014,0.28853707884065716,13.0,13.0,13.0
0,75,15.0,26.25,3.0,14.05144222597622,19.28462414550415,-10.449122627552844,30.38194365079364,1.0516502125483738,1.4718922992774224,26.048491717351812,0.941109952543838,-1.1580340156818798,0.1999999999999993,0.3500000000000014,0.040000000000000036,0.40509258201058174,2.220446049250313e-16,0.0,-12.619234169650024,-21.022517338017938,-13.861885555288016,-22.403934277368062,-0.045139766251948266,-2.658336635712211,13.0,13.0,13.0
0,76,15.200000000000001,26.599999999999998,3.04,-9.91298450735268,31.910181510665794,-1.7585498641398072,30.78703623280422,1.0516502125483735,1.4718922992774224,33.46071492827548,-1.2695952786112366,-1.5182164454811733,0.20000000000000107,0.34999999999999787,0.040000000000000036,0.4050925820105782,-2.220446049250313e-16,0.0,-23.9644267333289,12.625557365161644,8.690572763413037,7.412223210923667,-2.2107052311550746,-0.3601824297992935,13.0,13.0,13.0
0,77,15.4,26.95,3.08,19.915231361401723,23.37920856974058,-6.833146033125434,31.192128814814804,1.0516502125483738,1.4718922992774224,31.462608255445193,0.865237834644603,-1.351868593191469,0.1999999999999993,0.3500000000000014,0.040000000000000036,0.4050925820105853,2.220446049250313e-16,0.0,29.828215868754405,-8.530972940925214,-5.074596168985627,-1.9981066728302856,2.13483311325584,0.1663478522897044,13.0,13.0,13.0
0,78,15.600000000000001,27.299999999999997,3.12,23.249462237148652,36.11474052653365,-9.573942554434677,31.597221396825386,1.0516502125483735,1.4718922992774224,44.005367327759785,0.9988156273552764,-1.3514792961958535,0.20000000000000107,0.34999999999999787,0.040000000000000036,0.40509258201058174,-2.220446049250313e-16,0.0,3.334230875746929,12.735531956793071,-2.7407965213092425,12.542759072314592,0.13357779271067338,0.00038929699561540687,13.0,13.0,13.0
0,79,15.8,27.65,3.16,28.540098675289897,33.48271209598043,-3.319980530609488,32.002313978835964,1.0516502125483735,1.4718922992774224,44.12087388551166,0.864920363330915,-1.4954777463447861,0.1999999999999993,0.3500000000000014,0.040000000000000036,0.4050925820105782,0.0,0.0,5.290636438141245,-2.6320284305532198,6.2539620238251885,0.11550655775187124,-0.13389526402436136,-0.14399845014893264,13.0,13.0,13.0
0,80,16.0,28.0,3.2,11.810625550572285,15.653066512901765,11.703052795233596,32.40740656084655,1.0516502125483738,1.4718922992774224,22.83573541362709,0.9244056840906372,1.0327159777262578,0.1999999999999993,0.3500000000000014,0.040000000000000036,0.40509258201058884,2.220446049250313e-16,0.0,-16.729473124717614,-17.829645583078666,15.023033325843084,-21.285138471884565,0.05948532075972213,2.528193724071044,13.0,13.0,13.0
0,81,16.2,28.349999999999998,3.24,14.516674399172704,19.84333245794292,21.524026976910505,32.81249914285713,1.0516502125483738,1.4718922992774224,32.67683301592764,0.9391988199289751,0.8517149206199041,0.1999999999999993,0.34999999999999787,0.040000000000000036,0.40509258201057463,0.0,0.0,2.7060488486004193,4.190265945041157,9.82097418167691,9.84109760230055,0.014793135838337967,-0.18100105710635372,13.0,13.0,13.0
0,82,16.400000000000002,28.7,3.2800000000000002,15.635494689109374,46.34128404492486,25.429611065935305,33.21759172486772,1.0516502125483735,1.4718922992774224,55.12393690648659,1.245391305223128,1.091317275759041,0.20000000000000284,0.3500000000000014,0.040000000000000036,0.40509258201058884,-2.220446049250313e-16,0.0,1.1188202899366697,26.49795158698194,3.9055840890247993,22.44710389055895,0.3061924852941529,0.23960235513913697,13.0,13.0,13.0
0,83,16.6,29.049999999999997,3.3200000000000003,41.08687882651661,49.19369083395597,2.5442198276651733,33.62268430687829,1.0516502125483735,1.4718922992774224,64.14533407897403,0.8749537310087118,1.5311225543538607,0.1999999999999993,0.34999999999999787,0.040000000000000036,0.40509258201057463,0.0,0.0,25.45138413740724,2.8524067890311073,-22.88539123827013,9.02139717248744,-0.37043757421441625,0.43980527859481966,13.0,13.0,13.0
0,84,16.8,29.4,3.36,9.3652247230573,20.50122847375372,-2.521613031026505,34.02777688888888,1.0516502125483735,1.4718922992774224,22.679645837725435,1.1422912921174042,-1.459382000704057,0.1999999999999993,0.3500000000000014,0.03999999999999959,0.40509258201058884,0.0,0.0,-31.721654103459308,-28.69246236020225,-5.065832858691678,-41.4656882412486,0.26733756110869245,-2.9905045550579175,13.0,13.0,13.0
0,85,17.0,29.749999999999996,3.4,37.9944646632859,10.178000335813536,11.225349096399624,34.432869470899455,1.0516502125483735,1.4718922992774224,40.90451684376117,0.2617358887155041,1.2928014015934857,0.1999999999999993,0.34999999999999787,0.040000000000000036,0.40509258201057463,0.0,0.0,28.6292399402286,-10.323228137940184,13.746962127426128,18.224871006035738,-0.8805554034019001,2.7521834022975424,13.0,13.0,13.0
0,86,17.2,30.099999999999998,3.44,24.266275197360848,43.190712268642955,-11.219445593226206,34.83796205291004,1.0516502125483738,1.4718922992774224,50.79533145522449,1.058908277543878,-1.3480842492851246,0.1999999999999993,0.3500000000000014,0.040000000000000036,0.40509258201058174,2.220446049250313e-16,0.0,-13.728189465925055,33.01271193282942,-22.44479468962583,9.89081461146332,0.7971723888283739,-2.6408856508786105,13.0,13.0,13.0
0,87,17.400000000000002,30.45,3.48,30.480757522971672,21.88485124728549,10.758200140905304,35.243054634920625,1.0516502125483735,1.4718922992774224,39.03539629056918,0.6226974261841574,1.2915813102968001,0.20000000000000284,0.3500000000000014,0.040000000000000036,0.40509258201058884,-2.220446049250313e-16,0.0,6.214482325610824,-21.305861021357465,21.97764573413151,-11.75993516465531,-0.4362108513597207,2.6396655595819247,13.0,13.0,13.0
0,88,17.6,30.799999999999997,3.52,16.09487371010896,26.257983996778933,-7.419012430575721,35.6481472169312,1.0516502125483735,1.4718922992774224,31.679148169805515,1.0209079690237504,-1.3344086509656554,0.1999999999999993,0.34999999999999787,0.040000000000000036,0.40509258201057463,0.0,0.0,-14.385883812862712,4.373132749493443,-18.177212571481025,-7.3562481207636665,0.398210542839593,-2.6259899612624555,13.0,13.0,13.0
0,89,17.8,31.15,3.56,14.80241113581254,32.9859214444084,12.230574611635431,36.05323979894179,1.0516502125483735,1.4718922992774224,38.16764787488338,1.1489829205642434,1.2445986895174226,0.1999999999999993,0.3500000000000014,0.040000000000000036,0.40509258201058884,0.0,0.0,-1.2924625742964206,6.727937447629465,19.649587042211152,6.488499705077864,0.1280749515404931,2.579007340483078,13.0,13.0,13.0
0,90,18.0,31.499999999999996,3.6,36.57350400164266,37.54861969778711,23.46986243956255,36.45833238095236,1.0516502125483735,1.4718922992774224,57.43130225843052,0.798552932845084,1.1498111991436766,0.1999999999999993,0.34999999999999787,0.040000000000000036,0.40509258201057463,0.0,0.0,21.77109286583012,4.562698253378713,11.23928782792712,19.26365438354714,-0.35042998771915945,-0.09478749037374601,13.0,13.0,13.0
0,91,18.2,31.849999999999998,3.64,59.55598362163555,37.62296338478592,2.0059152331801355,36.86342496296295,1.0516502125483738,1.4718922992774224,70.47287602273776,0.5634201760669058,1.5423288325799303,0.1999999999999993,0.3500000000000014,0.040000000000000036,0.40509258201058884,2.220446049250313e-16,0.0,22.982479619992887,0.07434368699880878,-21.463947206382414,13.041573764307245,-0.23513275677817824,0.3925176334362537,13.0,13.0,13.0
0,92,18.400000000000002,32.199999999999996,3.68,6.0917452006378685,31.42968619548634,-8.54088571962019,37.26851754497353,1.0516502125483735,1.4718922992774224,33.13429134313651,1.3793487435072522,-1.310087223134288,0.20000000000000284,0.34999999999999787,0.040000000000000036,0.40509258201057463,-2.220446049250313e-16,0.0,-53.46423842099768,-6.193277189299579,-10.546800952800325,-37.338584679601254,0.8159285674403465,-2.852416055714218,13.0,13.0,13.0
0,93,18.6,32.55,3.72,27.912470613298385,31.152461952835605,5.740056540480715,37.673610126984116,1.0516502125483735,1.4718922992774224,42.22002073127193,0.840197979407929,1.4344181738475834,0.1999999999999993,0.3500000000000014,0.040000000000000036,0.40509258201058884,0.0,0.0,21.820725412660515,-0.2772242426507354,14.280942260100906,9.08572938813542,-0.5391507640993233,2.7445053969818716,13.0,13.0,13.0
0,94,18.8,32.9,3.7600000000000002,11.772797246620282,76.22792154884128,2.651030442439314,38.0787027089947,1.0516502125483735,1.4718922992774224,77.17721646362396,1.4175649224502926,1.5364396581653847,0.1999999999999993,0.3500000000000014,0.040000000000000036,0.40509258201058174,0.0,0.0,-16.139673366678103,45.07545959600567,-3.0890260980414013,34.957195732352034,0.5773669430423637,0.10202148431780134,13.0,13.0,13.0
0,95,19.0,33.25,3.8000000000000003,27.58938342104354,37.58800597855133,-19.66107797870032,38.48379529100528,1.0516502125483738,1.4718922992774224,50.60227522830863,0.9376177856847014,-1.1717482544434155,0.1999999999999993,0.3500000000000014,0.040000000000000036,0.40509258201058174,2.220446049250313e-16,0.0,15.816586174423257,-38.63991557028995,-22.312108421139634,-26.574941235315336,-0.4799471367655912,-2.7081879126088,13.0,13.0,13.0
0,96,19.200000000000003,33.599999999999994,3.84,7.619770613324707,26.423902590740003,33.37487752310986,38.888887873015854,1.0516502125483735,1.4718922992774224,43.245415734008,1.2900462615877013,0.6891995711163609,0.20000000000000284,0.3499999999999943,0.03999999999999959,0.40509258201057463,-2.220446049250313e-16,0.0,-19.969612807718832,-11.164103387811327,53.03595550181018,-7.356859494300629,0.35242847590299986,1.8609478255597764,13.0,13.0,13.0
0,97,19.400000000000002,33.949999999999996,3.88,-3.2038141193469905,54.684123572383655,22.34269358253514,39.29398045502644,1.0516502125483735,1.4718922992774224,59.15922372981334,-1.5122755765137788,1.1835171471300479,0.1999999999999993,0.3500000000000014,0.040000000000000036,0.40509258201058884,0.0,0.0,-10.823584732671698,28.260220981643652,-11.032183940574718,15.913807995805342,-2.80232183810148,0.494317576013687,13.0,13.0,13.0
0,98,19.6,34.3,3.92,44.769186149489144,36.38542189880227,-17.754357025393382,39.699073037037024,1.0516502125483735,1.4718922992774224,60.36055126178509,0.682457249383631,-1.272242393926199,0.1999999999999993,0.3500000000000014,0.040000000000000036,0.40509258201058174,0.0,0.0,47.97300026883613,-18.298701673581384,-40.09705060792852,1.2013275319717494,2.1947328258974097,-2.455759541056247,13.0,13.0,13.0
0,99,19.8,34.65,3.96,39.11510812821229,34.56188270871611,15.150535513596989,40.104165619047606,1.0516502125483735,1.4718922992774224,54.35121108679689,0.7236768304999656,1.2883014596656592,0.1999999999999993,0.3500000000000014,0.040000000000000036,0.40509258201058174,0.0,0.0,-5.654078021276852,-1.8235391900861586,32.90489253899037,-6.009340174988203,0.041219581116334614,2.5605438535918585,13.0,13.0,13.0
0,100,20.0,35.0,4.0,8.728588285335658,48.54093703002036,-12.798407077438917,40.50925820105819,1.0516502125483738,1.4718922992774224,50.95301801588537,1.3928786033914669,-1.316896612814498,0.1999999999999993,0.3500000000000014,0.040000000000000036,0.40509258201058174,2.220446049250313e-16,0.0,-30.386519842876634,13.979054321304247,-27.948942591035905,-3.3981930709115176,0.6692017728915013,-2.6051980724801576,13.0,13.0,13.0
0,101,20.00000000000182,35.00000000000091,4.0,1.3388752498226957,31.057102843157296,3.7027853916318283,40.50925820105987,1.0516502125483458,1.4718922992774266,31.305699858037336,1.5277128893256149,1.4522404813859062,1.8189894035458565e-12,9.094947017729282e-13,0.0,1.6839862837514374e-12,-2.7977620220553945e-14,4.218847493575595e-15,-7.389713035512962,-17.483834186863064,16.501192469070745,-19.647318157848034,0.13483428593414803,2.7691370942004045,13.0,13.0,13.0
0,102,20.198462886806738,35.347293078735674,-4.0,2.665384715121224,21.120632509484075,-7.406743485304886,40.907322461678476,1.0516500057002527,-1.4728578269051784,22.53985896888851,1.4452617914164152,-1.235968598534914,0.19846288680491853,0.347293078734765,-8.0,0.3980642606186038,-2.0684809309834407e-07,-2.944750126182605,1.3265094652985283,-9.93647033367322,-11.109528876936714,-8.765840889148826,-0.08245109790919969,-2.6882090799208203,13.0,13.0,13.0
0,103,20.396940396301943,35.6945778008303,-12.0,6.198996233098363,12.431917122261936,-12.495293335154377,42.82683810310798,1.051649393206237,-1.2867958247474747,18.684551725002947,1.1082408475857333,-0.8382701247362794,0.1984775094952056,0.3472847220946278,-8.0,1.9195156414295056,-6.1249401572816e-07,0.18606200215770374,3.533611517977139,-8.688715387222139,-5.088549849849492,-3.8553072438855622,-0.33702094383068193,0.39769847379863466,13.0,13.0,13.0
0,104,20.59543252813637,36.041854165669065,-20.0,22.94164822886664,30.233339417762785,-0.5382576744329697,46.07805435042124,1.0516483867926132,-1.1218171563309973,37.956076682539184,0.9216745762837097,-1.5566147842342626,0.1984921318344277,0.3472763648387627,-8.0,3.251216247313259,-1.0064136237719623e-06,0.16497866841647735,16.742651995768277,17.80142229550085,11.957035660721408,19.271524957536236,-0.18656627130202352,-0.7183446594979832,13.0,13.0,13.0
0,105,20.793939281957137,36.389122172637144,-28.0,39.50879951753245,41.05048110371535,-17.90221361781318,50.40392964201137,1.0516469977380818,-0.9818174468985653,59.72082124837936,0.8045330589728628,-1.2663499814570325,0.19850675382076588,0.34726800696807913,-8.0,4.32587529159013,-1.3890545313977043e-06,0.139999709432432,16.567151288665812,10.817141685952564,-17.363955943380212,21.764744565840175,-0.11714151731084699,0.2902648027772301,13.0,13.0,13.0
0,106,20.992460657414995,36.73638182112154,-36.0,43.13454825733716,72.12199781639198,-54.26769428117621,55.553984139396746,1.051645236894786,-0.8658166782258001,100.03576592892865,1.0317915865474414,-0.9974064078205058,0.19852137545785808,0.34725964848439617,-8.0,5.150054497385376,-1.760843295839365e-06,0.11600076867276521,3.625748739804706,31.071516712676633,-36.36548066336303,40.314944680549296,0.22725852757457865,0.26894357363652666,13.0,13.0,13.0
0,107,21.190996654153423,37.08363311050016,-44.0,-1.9215583133300278,53.06549512795462,-61.104181819241184,61.3209114729268,1.0516431147083811,-0.7705371639786035,80.95282697550091,-1.5346010723614532,-0.7154285533161991,0.19853599673842837,0.3472512893786188,-8.0,5.766927333530056,-2.122186404829307e-06,0.0952795142471966,-45.05610657066718,-19.056502688437362,-6.836487538064972,-19.082938953427742,-2.5663926589088946,0.2819778545043067,13.0,13.0,13.0
0,108,21.389547271823176,37.43087604016,-52.0,29.387907762796758,22.711646823397242,-48.44245169490971,67.54689640262816,1.0516406412368078,-0.692212925655233,61.04210964833244,0.6579484504602072,-0.6541084329251521,0.19855061766975268,0.34724292965984205,-8.0,6.225984929701362,-2.4734715733387702e-06,0.07832423832337054,31.309466076126785,-30.353848304557378,12.661730124331477,-19.91071732716847,2.1925495228216603,0.06132012039104706,13.0,13.0,13.0
0,109,21.58811251007137,37.77811060948625,-60.0,10.12675842663311,49.44890229201033,-38.34498882402679,74.11634261733425,1.0516378261682071,-0.6274315043067751,63.388353362671516,1.3687969839723073,-0.921128827411468,0.19856523824819305,0.34723456932624686,-8.0,6.56944621470609,-2.8150686006700454e-06,0.06478142134845788,-19.261149336163648,26.73725546861309,10.097462870882914,2.3462437143390744,0.7108485335121001,-0.26702039448631587,13.0,13.0,13.0
0,110,21.786692368546937,38.12533681786317,-68.0,20.126207225950665,32.47300090007324,-82.68169589610511,80.94566864160932,1.051634678837666,-0.5733847141895634,91.08140776807345,1.0159575101569938,-0.43284047108722895,0.19857985847556847,0.34722620837692375,-8.0,6.829326024275062,-3.1473305410756325e-06,0.054046790117211696,9.999448799317555,-16.975901391937093,-44.33670707207832,27.69305440540193,-0.35283947381531355,0.488288356324239,13.0,13.0,13.0
0,111,21.985286846896997,38.472554664675044,-76.0,48.00292477970126,42.39744221938448,-104.8931097957687,87.97437297399028,1.0516312082432333,-0.5278580018863697,122.89991202917474,0.7234701525777953,-0.5481615590903954,0.19859447835005994,0.34721784681187273,-8.0,7.028704332380968,-3.470594432730678e-06,0.04552671230319372,27.876717553750595,9.924441319311242,-22.211413899663583,31.818504261101296,-0.2924873575791984,-0.11532108800316648,13.0,13.0,13.0
0,112,22.183895944772303,38.81976414930705,-84.0,14.546988298344061,49.247304764145824,-97.88392685225864,95.15828565025912,1.0516274230609004,-0.48913475177469046,110.53585405244372,1.2835774698711147,-0.4831410884287135,0.19860909787530545,0.3472094846320033,-8.0,7.183912676268832,-3.785182332904924e-06,0.03872325011167921,-33.4559364813572,6.8498625447613435,7.009182943510055,-12.364057976731019,0.5601073172933193,0.06502047066168193,13.0,13.0,13.0
0,113,22.382519661814513,39.166965271141635,-92.0,39.26231513769868,72.22434065895088,-91.46473381839817,102.46476640759167,1.051623331659085,-0.45588986276619836,122.97838145813508,1.0728675831907215,-0.7321387325624428,0.19862371704221005,0.34720112183458696,-8.0,7.306480757332551,-4.091401815342621e-06,0.033244889008492096,24.715326839354617,22.977035894805056,6.419193033860466,12.44252740569135,-0.21070988668039314,-0.24899764413372927,13.0,13.0,13.0
0,114,22.58115799767984,39.514158029569444,-100.0,11.226768055766856,13.200906013025019,-90.1455765236456,109.86936507189785,1.0516189421118145,-0.4270976603295196,91.79612849855462,0.8660385431312195,-0.1899198304647026,0.19863833586532564,0.34719275842780917,-8.0,7.404598664306178,-4.389547270555738e-06,0.028792202436678738,-28.035547081931824,-59.02343464592586,1.3191572947525714,-31.182252959580453,-0.20682904005950198,0.5422189020977402,13.0,13.0,13.0
0,115,22.77981095200812,39.86134242396565,-108.0,37.40493185349968,44.18755688462911,-100.0693674927864,117.35351041553837,1.0516142622118803,-0.40195917573956164,115.60946077550757,0.8683355309052876,-0.5244866441155227,0.19865295432828134,0.3471843943962085,-8.0,7.48414534364052,-4.679899934245668e-06,0.025138484589957988,26.17816379773283,30.98665087160409,-9.923790969140796,23.81333227695295,0.00229698777406806,-0.3345668136508201,13.0,13.0,13.0
0,116,22.97847852445011,40.20851845371908,-116.0,-1.0876172293261455,59.54436869607916,-106.67783251607572,124.90290401564602,1.0516092994827826,-0.37984693146748644,122.17558964449503,-1.552532697137619,-0.5091651230519058,0.19866757244199107,0.34717602975342743,-8.0,7.549393600107649,-4.9627290976683724e-06,0.0221122442720752,-38.49254908282583,15.35681181145005,-6.608465023289327,6.566128868987462,-2.420868228042907,0.01532152106361695,13.0,13.0,13.0
0,117,23.177160714656566,40.55568611821491,-124.0,38.029569823784776,50.08229928715457,-117.24640042641583,132.50639401671222,1.051604061190281,-0.36026369618691984,133.0458691422687,0.9213433962483446,-0.49230027254622466,0.19868219020645483,0.3471676644958279,-8.0,7.603490001066206,-5.238292501541508e-06,0.019583235280566602,39.117187053110925,-9.462069408924592,-10.568567910340107,10.87027949777368,2.4738760933859636,0.016864850505681095,13.0,13.0,13.0
0,118,23.375857522270962,40.90284541683741,-132.0,12.595288667695879,59.30045207203733,-125.64755113108995,140.1551764227608,1.051598554353498,-0.34281182000339855,139.50803567468955,1.3615086701369665,-0.44953926433782204,0.19869680761439668,0.3471592986225005,-8.0,7.648782406048582,-5.506836783020219e-06,0.017451876183521287,-25.434281156088897,9.218152784882761,-8.401150704674123,6.462166532420838,0.4401652738886219,0.04276100820840262,13.0,13.0,13.0
0,119,23.574568946944055,41.249996348969944,-140.0,41.35174220321574,35.39917526168407,-131.61348213424063,147.8422216412627,1.0515927857550358,-0.3271704012439799,142.42604000655467,0.7079961599841289,-0.39216705737510743,0.19871142467309255,0.3471509321325357,-8.0,7.687045218501908,-5.7685984622413145e-06,0.015641418759418657,28.756453535519864,-23.90127681035326,-5.965931003150672,2.91800433186512,-0.6535125101528376,0.05737220696271461,13.0,13.0,13.0
0,120,23.77329498831932,41.597138913997696,-148.0,26.74041310947966,36.580931121144985,-151.36077286719845,155.5618575372256,1.0515867619511412,-0.31307820011276566,157.99777776257244,0.9395709321806804,-0.2908758767233183,0.1987260413752665,0.3471425650277524,-8.0,7.719635895962881,-6.023803894583679e-06,0.014092201131214233,-14.611329093736082,1.1817558594609139,-19.747290732957822,15.571737756017768,0.23157477219655154,0.1012911806517891,13.0,13.0,13.0
0,121,23.972035646051154,41.94427311130676,-156.0,43.95767150988979,41.57944497201585,-146.06540163796504,163.30946249330268,1.0515804892807403,-0.30032076489171866,158.10195661158755,0.7576018791057756,-0.39272817221787293,0.19874065773183247,0.34713419730906026,-8.0,7.747604956077083,-6.272670400875313e-06,0.012757435221046998,17.21725840041013,4.998513850870864,5.29537122923341,0.10417884901511343,-0.18196905307490485,-0.1018522954945546,13.0,13.0,13.0
0,122,24.17079091978121,42.29139894027958,-164.0,12.305849006801397,57.0781636314198,-176.14558276465908,171.08123672107837,1.0515739738747367,-0.28872065581573564,185.57105650077733,1.3584501468952,-0.3200862703022197,0.19875527373005752,0.3471258289728212,-8.0,7.771774227775694,-6.51540600360434e-06,0.011600109075983023,-31.651822503088397,15.498718659403949,-30.080181126694043,27.469099889189778,0.6008482677894244,0.07264190191565323,13.0,13.0,13.0
0,123,24.369560809163886,42.63851640030589,-172.0,16.135588484428325,52.304292692458475,-187.152568245781,178.87402990610653,1.051567221664142,-0.27812995957190495,194.99276922693542,1.2715647145115576,-0.28453477531765414,0.1987698893826746,0.34711746002631116,-8.0,7.7927931850281595,-6.7522105946515865e-06,0.010590696243830688,3.8297394776269282,-4.773870938961323,-11.006985481121916,9.421712726158091,-0.08688543238364232,0.03555149498456556,13.0,13.0,13.0
0,124,24.5683453138372,42.98562549076087,-180.0,24.336868279820226,43.121127778801615,-160.02076678088778,186.68520988630004,1.051560238388444,-0.2684245094295312,167.50630023891142,1.056976960344546,-0.30008309735205213,0.19878450467331277,0.3471090904549783,-8.0,7.811179980193515,-6.98327569814694e-06,0.009705450142373728,8.201279795391901,-9.18316491365686,27.131801464893215,-27.486468988024,-0.2145877541670116,-0.015548322034397988,13.0,13.0,13.0
0,125,24.76714443345554,43.33272621103606,-188.0,8.278883345442907,58.40894420417979,-193.95284347299545,194.51256155906296,1.0515530296030162,-0.259499385157299,202.72604707771202,1.4299942498216867,-0.29526918056681595,0.19879911961834296,0.34710072027519345,-8.0,7.827351672762916,-7.208785427703646e-06,0.008925124272232243,-16.05798493437732,15.287816425378175,-33.93207669210767,35.2197468388006,0.37301728947714063,0.004813916785236183,13.0,13.0,13.0
0,126,24.96595816766603,43.67981856051301,-196.0,32.4200596360641,46.33479668194067,-190.84331948137313,202.35420829997332,1.0515456006865878,-0.25126538087804784,199.04558834857957,0.9602774938222911,-0.28807693247429006,0.1988137342104892,0.3470923494769522,-8.0,7.841646740910363,-7.42891642846466e-06,0.00823400427925114,24.141176290621196,-12.074147522239123,3.109523991622325,-3.6804587291324538,-0.46971675599939555,0.007192248092525888,13.0,13.0,13.0
0,127,25.164786516112144,44.026902538577815,-204.0,45.54209373554332,41.95162904659745,-196.26810553397988,210.20855031977868,1.051537956848288,-0.2436462109030373,205.80376753445938,0.7443843496507103,-0.3056012071007052,0.19882834844611352,0.34708397806480207,-8.0,7.854342019805358,-7.643838299653538e-06,0.007619169975010526,13.122034099479215,-4.383167635343213,-5.424786052606748,6.758179185879811,-0.2158931441715808,-0.01752427462641515,13.0,13.0,13.0
0,128,25.363629478446455,44.37397814461565,-212.0,10.727075006941828,35.06038527766036,-205.57951459557802,218.0742158915142,1.0515301031340152,-0.23657628270518047,208.8234603088839,1.2738806636163278,-0.17649237984124025,0.19884296233431087,0.3470756060378335,-8.0,7.865665571735519,-7.853714272920698e-06,0.007069928197856845,-34.81501872860149,-6.891243768937095,-9.311409061598141,3.019692774424527,0.5294963139656175,0.12910882725946496,13.0,13.0,13.0
0,129,25.56248705431426,44.721045378010785,-220.0,17.853873738822404,50.380833285915045,-256.7856021727137,225.95002244767335,1.0515220444330489,-0.2299989091350027,262.28960073412776,1.2302263602387553,-0.20522298886412224,0.19885757586780528,0.347067233395137,-8.0,7.875806556159148,-8.058700966318e-06,0.006577373570177764,7.1267987318805766,15.320448008254687,-51.20608757713569,53.46614042524385,-0.04365430337757248,-0.028730609022881992,13.0,13.0,13.0
0,130,25.761359243360857,45.06810423814659,-228.0,37.879561713046044,50.842421715997524,-218.84685725132317,233.83494531332553,1.0515137854839633,-0.22386486339289235,227.8459127794502,0.9304781462062043,-0.2819893609599669,0.19887218904659676,0.3470588601358031,-8.0,7.884922865652186,-8.25894908551561e-06,0.00613404574211035,20.02568797422364,0.46158843008247885,37.93874492139054,-34.44368795467756,-0.29974821403255103,-0.07676637209584466,13.0,13.0,13.0
0,131,25.960246045237,45.41515472441006,-236.0,43.019214558461755,49.33763558937855,-242.14347615595653,241.7280923959219,1.0515053308803413,-0.21813120341139983,250.8352410481182,0.8537048577434365,-0.26401999744161564,0.19888680187614227,0.3470504862634698,-8.0,7.893147082596357,-8.45460362208783e-06,0.005733659981492528,5.139652845415711,-1.5047861266189742,-23.296618904633362,22.989328268668004,-0.07677328846276776,0.017969363518351267,13.0,13.0,13.0
0,132,26.159147459591622,45.762196836188195,-244.0,25.756098169221328,27.357760540250297,-253.85216978291203,249.62868355837372,1.051496685076361,-0.21276030947566663,256.61790225581035,0.8155442907828218,-0.14694927082680198,0.19890141435462283,0.34704211177813704,-8.0,7.900591162451832,-8.64580398030057e-06,0.005370893935733201,-17.263116389240427,-21.979875049128253,-11.708693626955494,5.7826612076921435,-0.03816056696061476,0.11707072661481366,13.0,13.0,13.0
0,133,26.358063486066385,46.109230572857996,-252.0,31.098851698470238,34.03863223054803,-225.72698602295048,257.53603370160937,1.051487852392042,-0.2077190917510921,230.38758490876899,0.8304994904094459,-0.2014842864153101,0.19891602647476248,0.3470337366698004,-8.0,7.9073501432356466,-8.832684319060036e-06,0.005041217724574526,5.34275352924891,6.680871690297735,28.125183759961544,-26.230317347041364,0.014955199626624172,-0.05453501558850812,13.0,13.0,13.0
0,134,26.55699412431386,46.45625593380919,-260.0,35.221263022888905,58.803334687434955,-274.6823435700033,265.449538805978,1.051478837018174,-0.20297833405860424,283.1055623056519,1.0311366557326564,-0.24454712000667242,0.19893063824747514,0.34702536095119285,-8.0,7.913505104368653,-9.015373867882204e-06,0.004740757692487857,4.1224113244186675,24.764702456886923,-48.95535754705281,52.71797739688293,0.20063716532321052,-0.043062833591362315,13.0,13.0,13.0
0,135,26.755939373975707,46.80327291842514,-268.0,42.36564385515662,46.79517993637357,-258.3862496897935,273.36866434845905,1.0514696430212884,-0.19851214757333568,265.9851324290436,0.8350376469051916,-0.23960759882839466,0.1989452496618469,0.3470169846159479,-8.0,7.9191255424810265,-9.193996885592526e-06,0.0044661864852685584,7.144380832267714,-12.008154751061383,16.29609388020981,-17.12042987660834,-0.1960990088274649,0.004939521178277756,13.0,13.0,13.0
0,136,26.9548992347045,47.15028152609193,-276.0,9.90246984775181,40.63979163868581,-290.9748863723345,281.2929356395976,1.0514602743479662,-0.19429751372672333,293.9660457823563,1.3317894265843488,-0.14277597451338503,0.19895986072879168,0.347008607666794,-8.0,7.924271291138552,-9.368673322240895e-06,0.004214633846612359,-32.46317400740481,-6.1553882976877645,-32.588636682540994,27.9809133533127,0.4967517796791573,0.09683162431500963,13.0,13.0,13.0
0,137,27.153873706145532,47.49728175619384,-284.0,39.64916576990568,63.24476561117384,-297.5553986706415,289.221929720892,1.051450734829472,-0.19031389990034164,306.77544230512683,1.0108202831814828,-0.24579041897122697,0.19897447144103353,0.34700023010191217,-8.0,7.928994081294377,-9.539518494250387e-06,0.003983613826381682,29.74669592215387,22.604973972488033,-6.580512298307042,12.809396522770555,-0.3209691434028661,-0.10301444445784194,13.0,13.0,13.0
0,138,27.352862787945924,47.844273608116055,-292.0,28.122214613861594,34.72701695743241,-266.6163108298206,297.1552685378209,1.051441028185819,-0.18654293483545895,270.3351287976711,0.8901034704797868,-0.16606011508837865,0.19898908180039143,0.34699185192221194,-8.0,7.933338816928938,-9.706643652851454e-06,0.0037709650648826976,-11.526951156044085,-28.517748653741428,30.939087840820946,-36.440313507455755,-0.12071681270169599,0.07973030388284832,13.0,13.0,13.0
0,139,27.551866479754608,48.19125708124284,-300.0,44.62658632882203,79.74302545428787,-300.6248603338894,305.09261316129675,1.0514311580297622,-0.18296813327971667,314.20660236019467,1.0605897467106205,-0.29509511055925586,0.19900369180868438,0.3469834731267838,-8.0,7.937344623475838,-9.870156056912549e-06,0.003574801555742274,16.504371714960435,45.01600849685546,-34.00854950406881,43.87147356252359,0.17048627623083368,-0.1290349954708772,13.0,13.0,13.0
0,140,27.750884781216882,48.538232174962104,-308.0,23.587939291377374,43.90172839425221,-301.1586595736905,313.0336588752253,1.0514211278707584,-0.17957466142803513,305.2544690454808,1.0777639728317014,-0.1639987948762074,0.1990183014622744,0.3469750937192657,-8.0,7.941045713928531,-1.0030159003804329e-05,0.00339347185168154,-21.038647037444655,-35.841297060035664,-0.5337992398011124,-8.952133314713876,0.017174226121080993,0.13109631568304847,13.0,13.0,13.0
0,141,27.949917691979863,48.88519888865267,-316.0,26.75128619710975,60.95201765603355,-312.59762147126696,320.9781309830493,1.0514109411184402,-0.17634913631912305,319.6060899279527,1.1572190334865526,-0.20980501434273327,0.19903291076298046,0.34696671369056276,-8.0,7.944472107824026,-1.018675231811983e-05,0.0032255251089120807,3.163346905732375,17.050289261781337,-11.438961897576462,14.351620882471934,0.0794550606548512,-0.04580621946652588,13.0,13.0,13.0
0,142,28.148965211692484,49.23215722170244,-324.0,31.56362442947089,60.75936883690704,-327.2440472069965,328.925781213926,1.0514006010862957,-0.17327945362069877,334.330120870075,1.0916819378807914,-0.2062529369985445,0.19904751971262158,0.34695833304976986,-8.0,7.947650230876661,-1.034003214450685e-05,0.003069682698424281,4.812338232361142,-0.19264881912650367,-14.646425735729565,14.724030942122283,-0.06553709560576126,0.0035520773441887754,13.0,13.0,13.0
0,143,28.348027339998225,49.579107173497505,-332.0,46.98904132358995,62.00242105614966,-325.2507290652734,336.87638463120334,1.0513901109950499,-0.17035463924951638,334.42533842223435,0.9222849300433883,-0.23477783892237822,0.19906212830574077,0.34694995179506805,-8.0,7.950603417277364,-1.0490091245873856e-05,0.002924814371182388,15.42541689411906,1.2430522192426139,1.9933181417231367,0.09521755215934036,-0.16939700783740308,-0.028524901923833723,13.0,13.0,13.0
0,144,28.54710407654784,49.926048743420324,-340.0,31.492777646886488,48.035630390368915,-346.0358899228439,344.829736963458,1.0513794739756837,-0.16756472108420178,350.7706571901517,0.9904854399336602,-0.1644911045706873,0.199076736549614,0.3469415699228193,-8.0,7.953352332254667,-1.0637019366210865e-05,0.0027899181653145977,-15.496263676703464,-13.966790665780742,-20.78516085757053,16.345318767917377,0.06820050989027193,0.07028673435169092,13.0,13.0,13.0
0,145,28.746195420986624,50.272981930857895,-348.0,50.11583510060393,50.393957829093125,-337.266484007755,352.78565229243935,1.0513686930727937,-0.16490061768198394,344.67351094690264,0.7881652770341172,-0.20768916328333853,0.1990913444387843,0.3469331874375712,-8.0,7.955915328981348,-1.078090288997302e-05,0.0026641034022178434,18.623057453717443,2.35832743872421,8.769405915088896,-6.097146243249085,-0.20232016289954302,-0.04319805871265123,13.0,13.0,13.0
0,146,28.945301372961694,50.61990673519449,-356.0,24.013288945503636,53.407882146424114,-351.1420666469177,360.7439610436346,1.0513577712473858,-0.16235404143887008,355.9912792336562,1.1482578780219832,-0.16524379190451052,0.19910595197507064,0.3469248043365951,-8.0,7.958308751195261,-1.092182540785025e-05,0.0025465762431138572,-26.102546155100296,3.0139243173309893,-13.875582639162701,11.317768286753562,0.360092600987866,0.042445371378828006,13.0,13.0,13.0
0,147,29.144421932120167,50.96682315581529,-364.0,13.575568796493812,70.6382504912284,-347.6174648232385,368.70450823437676,1.0513467113797792,-0.15991741406216053,354.9816338217307,1.3809269504190196,-0.20404576964911414,0.19912055915847304,0.34691642062080064,-8.0,7.9605471907421474,-1.1059867606633134e-05,0.002436627376709549,-10.437720149009824,17.23036834480429,3.524601823679234,-1.0096454119254759,0.23266907239703638,-0.038801977744603616,13.0,13.0,13.0
0,148,29.34355709810916,51.31373119210457,-372.0,62.6268895847179,39.87722726517581,-398.83599182279943,376.66715194190425,1.0513355162723217,-0.1575837925745267,405.6876494628485,0.5669991173164937,-0.184047560912824,0.1991351659889915,0.34690803628927824,-8.0,7.962643707527491,-1.1195107457506737e-05,0.00233362148763383,49.05132078822409,-30.761023226052593,-51.218526999560936,50.7060156411178,-0.8139278331025259,0.01999820873629013,13.0,13.0,13.0
0,149,29.542706870579423,51.660630843452054,-380.0,16.8674260231888,50.82449913074088,-388.93457102281394,384.6317619599094,1.0513241886520102,-0.15534680435609632,392.60379558689795,1.250358041926103,-0.13682445168535426,0.199149772470264,0.3468996513474849,-8.0,7.964610018005146,-1.1327620311529785e-05,0.00223698821843038,-45.7594635615291,10.947271865565071,9.901420799985488,-13.083853875950581,0.6833589246096092,0.04722310922746975,13.0,13.0,13.0
0,150,29.7418712491708,52.00752210923383,-388.0,9.021336649949834,50.66597248732639,-381.6011876604002,392.5982186171311,1.0513127311730583,-0.15320058996716202,385.0556994862772,1.394587852770267,-0.13405153303013287,0.1991643785913766,0.3468912657817782,-8.0,7.966456657221727,-1.1457478951815148e-05,0.002146214388934309,-7.846089373238964,-0.15852664341448985,7.333383362413713,-7.548096100620739,0.1442298108441642,0.0027729186552213902,13.0,13.0,13.0
0,151,29.94105023353586,52.35440498884054,-396.0,33.20667979645659,65.46581752840314,-402.78916834929123,400.5664117357104,1.0513011464192024,-0.1511397526897029,409.42346169617616,1.101375955110452,-0.18026614113527284,0.1991789843650622,0.34688287960671005,-8.0,7.968193118579279,-1.1584753855986563e-05,0.002060837277459121,24.185343146506757,14.799845041076743,-21.187980688891003,24.367762209898956,-0.29321189765981504,-0.04621460810513997,13.0,13.0,13.0
0,152,30.14024382331627,52.70127948165555,-404.0,45.09394193867116,44.08076241165776,-393.7006796686466,408.5362397104234,1.0512894369061816,-0.1491593138872502,398.71895162622445,0.7740369153734526,-0.15882366444984242,0.1991935897804069,0.3468744928150045,-8.0,7.9698279747129845,-1.1709513020763396e-05,0.0019804388024526887,11.887262142214567,-21.385055116745377,9.088488680644616,-10.70451006995171,-0.3273390397369994,0.021442476685430423,13.0,13.0,13.0
0,153,30.339452018164593,53.04814558706494,-412.0,43.24053174120139,75.6962705955581,-392.02513309460636,416.5076086927932,1.0512776050837358,-0.14725467341801513,401.6010133766866,1.05179442853912,-0.218813292862403,0.19920819484832464,0.34686610540939,-8.0,7.971368982369825,-1.1831822445795837e-05,0.0019046404692350805,-1.8534101974697705,31.615508183900346,1.6755465740402542,2.882061750462128,0.27775751316566744,-0.059989628412560586,13.0,13.0,13.0
0,154,30.538674817722494,53.395003304452985,-420.0,20.837717015818644,65.63408168128737,-419.5536100476367,424.4804318664232,1.0512656533380227,-0.14542157444823978,425.1673492080285,1.2633780837751258,-0.16268225174217205,0.19922279955790145,0.3468577173880476,-8.0,7.97282317362999,-1.1951745713112416e-05,0.0018330989697753486,-22.402814725382743,-10.062188914270735,-27.52847695303035,23.566335831341917,0.21158365523600575,0.05613104112023096,13.0,13.0,13.0
0,155,30.737912221640727,53.74185263320487,-428.0,21.369965862159624,73.84911978039312,-438.6735412823222,432.4546288019061,1.0512535839934118,-0.14365607210743192,445.3592300092836,1.289117055277207,-0.17349127783904417,0.1992374039182323,0.3468493287518868,-8.0,7.974196935482894,-1.2069344610843302e-05,0.0017655023408078563,0.5322488463409805,8.215038099105755,-19.11993123468551,20.19188080125508,0.025738971502081265,-0.01080902609687212,13.0,13.0,13.0
0,156,30.937164229564587,54.08869357270669,-436.0,44.29316796611877,53.258901511157866,-431.5894741440846,440.43012488131325,1.051241399314672,-0.1419545055061979,437.1131083719836,0.8770478482538067,-0.15914351149968897,0.19925200792386022,0.34684093950181705,-8.0,7.975496079407151,-1.218467873975726e-05,0.0017015666012340225,22.92320210395915,-20.590218269235258,7.084067138237629,-8.24612163729995,-0.41206920702340044,0.014347766339355195,13.0,13.0,13.0
0,157,31.136430841139372,54.43552612234271,-444.0,58.05439638108376,54.09785797640436,-458.5640336088517,448.40685078368426,1.0512291015087745,-0.1403134727044729,465.3792690875124,0.7501345097788126,-0.1713496983697598,0.1992666115747852,0.3468325496360194,-8.0,7.976725902371015,-1.2297805897620862e-05,0.0016410328017250064,13.76122841496499,0.8389564652464969,-26.974559464767083,28.26616071552877,-0.1269133384749941,-0.012206186870070829,13.0,13.0,13.0
0,158,31.335712056017655,54.78235028150175,-452.0,8.969695183841083,42.69321200543528,-445.45257312953953,456.38474202412027,1.0512166927266737,-0.13872980827448997,447.58369126986724,1.363711693049327,-0.09762343950704615,0.1992812148782832,0.3468241591590413,-8.0,7.9778912404360085,-1.2408782100736815e-05,0.0015836644299829228,-49.08470119724268,-11.404645970969085,13.111460479312143,-17.795577817645153,0.6135771832705144,0.07372625886271365,13.0,13.0,13.0
0,159,31.535007873839277,55.12916604956172,-460.0,18.97592302732779,69.87146625554647,-443.95400034868953,464.3637385400837,1.0512041750652257,-0.13720056315077309,449.8191435199744,1.3056093658705923,-0.16166215545836793,0.1992958178216213,0.34681576805996883,-8.0,7.978996515963445,-1.2517661448052664e-05,0.0015292451237168825,10.006227843486709,27.178254250111188,1.4985727808499973,2.23545225010713,-0.05810232717873465,-0.06403871595132178,13.0,13.0,13.0
0,160,31.73431829425317,55.475973425911434,-468.0,51.22124565632794,49.67876850690545,-461.64138067611265,472.34378431938046,1.0511915505687521,-0.13572298650059564,467.12349587608645,0.770112169425004,-0.1533553295499169,0.19931042041389446,0.3468073763497159,-8.0,7.980045779296745,-1.2624496473545577e-05,0.0014775766501774479,32.24532262900014,-20.192697748641017,-17.687380327423114,17.304352356112076,-0.5354971964455882,0.008306825908451027,13.0,13.0,13.0
0,161,31.933643316904636,55.82277240993608,-476.0,32.049641056999796,56.483888448686564,-475.5679001104123,480.3248270650007,1.0511788212307354,-0.13429450938281673,479.98170461132503,1.05468326190999,-0.13571960009606457,0.19932502265146468,0.3467989840246446,-8.0,7.981042745620243,-1.2729338016770342e-05,0.001428477117778909,-19.17160459932814,6.805119941781115,-13.926519434299678,12.858208735238577,0.2845710924849859,0.017635729453852333,13.0,13.0,13.0
0,162,32.132982941442606,56.16956300102083,-484.0,15.149380593087528,38.58018251848822,-499.156044726907,488.3068178926449,1.0511659889953184,-0.13291272999324075,500.87392745372966,1.1966225896599383,-0.08284603867066799,0.19933962453796994,0.34679059108475485,-8.0,7.981990827644211,-1.2832235416926352e-05,0.0013817793895759822,-16.900260463912268,-17.903705930198342,-23.588144616494674,20.892222842404635,0.14193932774994833,0.05287356142539658,13.0,13.0,13.0
0,163,32.3323371675142,56.51634519855088,-492.0,36.49961114724871,59.59684321268794,-495.5942172486009,496.2897110572771,1.0511530557588946,-0.13157540032000856,500.49738611212695,1.021278475564375,-0.14009018384748917,0.19935422607159126,0.3467821975300467,-8.0,7.9828931646321735,-1.2933236423817718e-05,0.0013373296732321904,21.35023055416118,21.01666069419972,3.5618274783060997,-0.37654134160271724,-0.17534411409556339,-0.05724414517682118,13.0,13.0,13.0
0,164,32.53170599476471,56.8631190019114,-500.0,28.305273047158234,57.83634342149395,-489.4015517220396,504.273463705513,1.0511400233715646,-0.1302804140546496,493.6193978467452,1.1156622966244032,-0.13081995173475044,0.19936882725050964,0.3467738033605201,-8.0,7.983752648235907,-1.3032387329969808e-05,0.001294986265358955,-8.194338100090473,-1.7604997911939932,6.1926655265613135,-6.8779882653817594,0.0943838210600283,0.009270232112738724,13.0,13.0,13.0
0,165,32.73108942283943,57.209884410486666,-508.0,25.28600020284823,49.35402098204486,-503.40984032247667,512.2580356510448,1.0511268936385103,-0.12902579562337374,506.4550014827142,1.0973261470421363,-0.1097153906262134,0.1993834280747251,0.3467654085752656,-8.0,7.984571945531798,-1.3129733054340065e-05,0.0012546184312758613,-3.019272844310006,-8.482322439449092,-14.008288600437083,12.835603635968994,-0.018336149582266925,0.021104561108537048,13.0,13.0,13.0
0,166,32.930487451389126,57.556641423668225,-516.0,46.9908223178745,65.21458538445533,-504.04987251060385,520.2433891706447,1.0511136683213396,-0.12780969021960578,510.4188020703513,0.9464065743622546,-0.15813846312694138,0.19939802854969457,0.34675701318155916,-8.0,7.985353519599926,-1.3225317170739714e-05,0.0012161054037679586,21.704822115026275,15.860564402410475,-0.6400321881271793,3.963800587637138,-0.15091957267988165,-0.048423072500727984,13.0,13.0,13.0
0,167,33.12990008005545,57.903390040831255,-524.0,26.984597575525733,68.25967069025228,-519.031132900708,528.2294888185769,1.0511003491394062,-0.12663035473286294,524.1954483484641,1.1943285934551533,-0.1404856462372204,0.19941262866632314,0.34674861716302985,-8.0,7.986099647932178,-1.3319181933368895e-05,0.001179335486742844,-20.00622474234877,3.0450853057969454,-14.981260390104183,13.776646278112764,0.24792201909289868,0.01765281688972098,13.0,13.0,13.0
0,168,33.32932730848552,58.250130261365484,-532.0,62.00931937367668,63.060907359794754,-533.8812031411107,536.2163012575263,1.0510869377711094,-0.1254861494816847,541.1570685056486,0.7938059454433217,-0.16416608916397546,0.19942722843006777,0.3467402205342296,-8.0,7.986812438949414,-1.3411368296800674e-05,0.0011442052511782264,35.02472179815095,-5.198763330457524,-14.850070240402715,16.961620157184484,-0.4005226480118316,-0.023680442926755058,13.0,13.0,13.0
0,169,33.528769136328265,58.596862084656095,-540.0,28.915751743465826,50.06360961094262,-534.5933957047524,544.2037951043391,1.0510734358550131,-0.12437553066863964,537.710502442815,1.0470250889295303,-0.10772750434394897,0.19944182784274744,0.3467318232906109,-8.0,7.987493846812754,-1.3501916096281263e-05,0.0011106188130450695,-33.093567630210856,-12.997297748852134,-0.712192563641679,-3.44656606283354,0.25321914348620855,0.05643858482002649,13.0,13.0,13.0
0,170,33.72822556322899,58.94358551008918,-548.0,54.048496339572985,35.735569854773345,-574.0332884161846,552.1919407890966,1.05105984499113,-0.12329704348514069,577.6785326799957,0.5841917498000222,-0.11239935990054378,0.19945642690072418,0.3467234254330833,-8.0,7.988145684757569,-1.359086388319497e-05,0.0010784871834989551,25.13274459610716,-14.328039756169275,-39.43989271143221,39.96803023718064,-0.4628333391295081,-0.0046718555565948144,13.0,13.0,13.0
0,171,33.92769658883299,59.290300537049916,-556.0,53.38579257015195,66.01837855316802,-548.7597046044586,560.1807104261959,1.0510461667419886,-0.12224931580178325,555.2888280460047,0.8908029228132761,-0.1535003706939509,0.199471025603998,0.3467150269607373,-8.0,7.988769637099267,-1.3678249141335641e-05,0.0010477276833574384,-0.6627037694210358,30.282808698394675,25.273583811725985,-22.38970463399096,0.3066111730132539,-0.04110101079340711,13.0,13.0,13.0
0,172,34.127182212789194,59.63700716492349,-564.0,46.96674185501428,41.014010294714126,-579.2401273690824,568.1700776962599,1.0510324026336872,-0.12123105238711498,582.5866021764328,0.7178416490180747,-0.10723502045771956,0.19948562395620684,0.34670662787357287,-8.0,7.989367270064008,-1.3764108301339562e-05,0.0010182634146682634,-6.419050715137672,-25.004368258453894,-30.480422764623768,27.297774130428138,-0.17296127379520143,0.04626535023623134,13.0,13.0,13.0
0,173,34.32668243474109,59.98370539309508,-572.0,31.283448125052107,57.17056928515206,-561.4408297782686,576.160017737834,1.0510185541570614,-0.12024102960398768,565.2105213644664,1.0701092378560413,-0.11555918317095837,0.19950022195189376,0.34669822817159,-8.0,7.989940041574073,-1.3848476625888395e-05,0.0009900227831273062,-15.68329372996217,16.156558990437937,17.799297590813808,-17.376080811966403,0.3522675888379666,-0.008324162713238811,13.0,13.0,13.0
0,174,34.526197254335784,60.33039522094896,-580.0,28.07371345560525,49.59291287853564,-573.4075547354905,584.1505070479365,1.0510046227685779,-0.11927809053818869,576.2324307280005,1.0556890991383188,-0.09905888237359219,0.19951481959469675,0.34668982785387925,-8.0,7.990489310102475,-1.3931388483490181e-05,0.0009629390657989872,-3.2097346694468563,-7.57765640661642,-11.966724957221913,11.021909363534064,-0.01442013871772252,0.016500300797366182,13.0,13.0,13.0
0,175,34.72572667122404,60.677076647875765,-588.0,22.53941108385149,57.666439881684376,-582.9684242855661,592.1415233906306,1.0509906098913704,-0.11834114051885469,586.2470699753054,1.1981954154994305,-0.1058094627920391,0.19952941688825376,0.34668142692680703,-8.0,7.991016342694138,-1.4012877207481012e-05,0.0009369500193339986,-5.5343023717537605,8.073527003148733,-9.560869550075608,10.014639247304899,0.14250631636111177,-0.006750580418446908,13.0,13.0,13.0
0,176,34.92527068504387,61.023749673253405,-596.0,52.73996053468098,51.64533868412029,-609.2239315663537,600.1330457128714,1.050976516916255,-0.11742914299439512,613.6795118285786,0.7749121875129973,-0.12057560112774621,0.1995440138198319,0.34667302537764044,-8.0,7.991522322240826,-1.409297511534291e-05,0.0009119975244595707,30.20054945082949,-6.021101197564086,-26.255507280787583,27.43244185327319,-0.42328322798643325,-0.014766138335707113,13.0,13.0,13.0
0,177,35.124829295446034,61.37041429646979,-604.0,56.01721273568536,59.31984822166101,-605.4108765633213,608.1250540669695,1.0509623452024903,-0.1165411157316277,610.8838694685635,0.814024983303002,-0.13395930555751145,0.19955861040216405,0.3466646232163839,-8.0,7.992008354098061,-1.4171713764721261e-05,0.0008880272627674185,3.27725220100438,7.674509537540722,3.8130550030324457,-2.7956423600151084,0.039112795790004706,-0.013383704429765247,13.0,13.0,13.0
0,178,35.324402502077646,61.71707051691192,-612.0,39.0398352851491,51.84203185248767,-630.6070793325028,616.1175295390631,1.0509480960787903,-0.11567612730883359,633.9376889805144,0.9253436959270468,-0.10255194602025798,0.19957320663161227,0.34665622044212796,-8.0,7.992475472093588,-1.424912370007192e-05,0.0008649884227941163,-16.97737745053626,-7.47781636917334,-25.196202769181582,23.053819511950906,0.1113187126240448,0.031407359537253474,13.0,13.0,13.0
0,179,35.523990304584004,62.06371833396406,-620.0,39.117477019630044,71.94194381719747,-620.296067907021,624.1104541830699,1.0509337708441415,-0.11483329387669004,625.6780579095688,1.0727744853548722,-0.13125709321824705,0.19958780250635755,0.3466478170521441,-8.0,7.992924644006848,-1.4325234648726592e-05,0.0008428334321435443,0.0776417344809417,20.099911964709797,10.311011425481865,-8.259631070945602,0.1474307894278254,-0.02870514719798907,13.0,13.0,13.0
0,180,35.723592702610404,62.4103577470114,-628.0,36.86454226053269,59.33691918373673,-628.5510006277659,632.1038109596334,1.0509193707686355,-0.11401177616352545,632.4209237876793,1.0148801755184425,-0.11068397931037047,0.1996023980263999,0.3466394130473418,-8.0,7.993356776563473,-1.4400075506015853e-05,0.0008215177131645907,-2.252934759097357,-12.605024633460737,-8.254932720744932,6.742865878110479,-0.057894309836429736,0.020573113907876583,13.0,13.0,13.0
0,181,35.92320969580396,62.756988755440034,-636.0,43.31300748452083,35.983027900156735,-623.3148562574515,640.0975836796287,1.0509048970942447,-0.11321077670368004,625.853181621269,0.6932219509460904,-0.0900947124140126,0.1996169931935583,0.3466310084286306,-8.0,7.993772719995263,-1.4473674390780289e-05,0.0008009994598454084,6.448465223988144,-23.353891283579998,5.236144370314378,-6.567742166410312,-0.32165822457235205,0.020589266896357872,13.0,13.0,13.0
0,182,36.12284128380816,63.103611358636044,-644.0,44.96061438862433,55.125934714010704,-662.4477878935951,648.0917569518355,1.0508903510356549,-0.11242953726984274,666.2562549120372,0.8866163758819574,-0.10697358282025582,0.19963158800419478,0.34662260319601046,-8.0,7.994173272206808,-1.4546058589859356e-05,0.0007812394338373024,1.6476069041034975,19.14290681385397,-39.13293163614355,40.40307329076825,0.193394424935867,-0.016878870406243224,13.0,13.0,13.0
0,183,36.32248746627374,63.45022555598371,-652.0,59.058030961513744,60.84971864720928,-657.0997302763591,656.0863161344266,1.05087573378087,-0.11166733649210242,662.54856034087,0.8003392690900456,-0.12833817529774555,0.1996461824655853,0.3466141973476624,-8.0,7.994559182591161,-1.4617254784798916e-05,0.0007622007777403211,14.097416572889415,5.723783933198575,5.348057617236009,-3.707694571167167,-0.0862771067919118,-0.02136459247748973,13.0,13.0,13.0
0,184,36.522148242846015,63.79683134687366,-660.0,37.032553970302295,65.13737990417796,-660.1032248612543,664.0812472899486,1.0508610464921442,-0.11092348764806835,664.3421978066516,1.0538380249824424,-0.11302658262817365,0.19966077657227288,0.3466057908899529,-8.0,7.994931155521954,-1.4687288725889758e-05,0.0007438488440340701,-22.02547699121145,4.287661256968683,-3.0034945848951793,1.7936374657815577,0.2534987558923968,0.015311592669571897,13.0,13.0,13.0
0,185,36.721823613166634,64.14342873068199,-668.0,19.786862857169602,65.08573069449355,-679.80300618208,672.0765371435047,1.0508462903065152,-0.11019733660988507,683.1982139144961,1.2756625977650429,-0.09973666255011039,0.19967537032061955,0.34659738380833005,-8.0,7.9952898535560735,-1.4756185628961305e-05,0.0007261510381832842,-17.245691113132693,-0.05164920968441322,-19.699781320825764,18.85601610784454,0.22182457278260048,0.013289920078063261,13.0,13.0,13.0
0,186,36.921513576884536,64.49001770680024,-676.0,55.861733907265915,88.60517319182787,-692.9858392671163,680.0721730438847,1.0508314663365579,-0.10948825993540906,700.8571776447963,1.0082826408316672,-0.15001401333721545,0.19968996371790126,0.34658897611825523,-8.0,7.99563590038008,-1.4823969957333816e-05,0.0007090766744760058,36.07487105009631,23.519442497334325,-13.182833085036236,17.658963730300115,-0.2673799569333757,-0.05027735078710506,13.0,13.0,13.0
0,187,37.121218133646835,64.83659827461179,-684.0,27.391497869553376,63.00940798457951,-677.6677787395838,688.0681429273915,1.0508165756709866,-0.10879566309174098,681.1417605696677,1.1607210013510039,-0.10104033368570864,0.19970455676229903,0.346580567811543,-8.0,7.995969883506746,-1.4890665571254402e-05,0.0006925968436680835,-28.47023603771254,-25.595765207248363,15.318060527532452,-19.715417075128585,0.15243836051933668,0.04897367965150681,13.0,13.0,13.0
0,188,37.32093728309701,65.18317043350362,-692.0,40.44595819400437,52.07293044292293,-687.7771850582076,696.0644352841567,1.0508016193753893,-0.10811897880066469,690.9304754501255,0.9104141100182261,-0.09557517812395701,0.19971914945017488,0.34657215889183135,-8.0,7.996292356765252,-1.4956295597334801e-05,0.0006766842910762849,13.054460324450993,-10.93647754165658,-10.109406318623769,9.78871488045786,-0.2503068913327777,0.005465155561751631,13.0,13.0,13.0
0,189,37.520671024882176,65.52973418286092,-700.0,43.21139730389155,81.37651187918013,-686.7568677188417,704.0610391267463,1.050786598492722,-0.10745766549629472,692.910064078717,1.0826528688156933,-0.1333671470478141,0.19973374178516679,0.3465637493573013,-8.0,7.996603842589593,-1.5020882667249325e-05,0.0006613133043699704,2.7654391098871827,29.303581436257197,1.0203173393658744,1.9795886285915003,0.1722387587974672,-0.0377919689238571,13.0,13.0,13.0
0,190,37.72041935864763,65.87628952206887,-708.0,44.07208141251209,75.03970201269178,-721.0277178515933,712.0579439608744,1.0507715140439777,-0.10681120588617671,726.260473348551,1.0397548736321498,-0.12011441214821666,0.19974833376545575,0.3465553392079528,-8.0,7.996904834128031,-1.5084448744318024e-05,0.0006464596101180137,0.8606841086205392,-6.336809866488352,-34.27085013275155,33.35040926983402,-0.042897995183543536,0.01325273489959744,13.0,13.0,13.0
0,191,37.92018228404049,66.22283645051448,-716.0,43.44229450679795,96.43163508359932,-722.5547365399478,720.0551397580649,1.0507563670287337,-0.10617910560784938,730.2545039184799,1.147528032324393,-0.14534463853404053,0.19976292539286078,0.34654692844560486,-8.0,7.997195797190557,-1.5147015244076911e-05,0.00063210027832733,-0.6297869057141412,21.39193307090754,-1.5270186883545875,3.9940305699288956,0.10777315869224324,-0.025230226385823867,13.0,13.0,13.0
0,192,38.119959800706056,66.56937496758474,-724.0,61.19949559893132,82.76948497193959,-710.8554682217739,728.0526169301106,1.0507411584257385,-0.1055608919735534,718.2699092993394,0.934115849180758,-0.14380853707233832,0.19977751666556287,0.3465385170702575,-8.0,7.997477172045706,-1.5208602995198106e-05,0.0006182136342959832,17.75720109213337,-13.662150111659727,11.69926831817395,-11.98459461914058,-0.21341218314363508,0.0015361014617022162,13.0,13.0,13.0
0,193,38.31975190828962,66.91590507266028,-732.0,52.41452762293831,69.31465482209666,-731.843690291937,736.0503663051912,1.0507258891933913,-0.10495611279642555,736.9850684370497,0.9233501582890444,-0.1181893185585614,0.19979210758356203,0.34653010507554427,-8.0,7.997749375080616,-1.5269232347181472e-05,0.0006047791771278399,-8.784967975993013,-13.454830149842934,-20.988222070163147,18.715159137710316,-0.01076569089171353,0.025619218513776923,13.0,13.0,13.0
0,194,38.519558606436476,67.26242676512811,-740.0,36.57054024146478,87.10553138588493,-720.8793746180463,744.0483791055317,1.0507105602703481,-0.10436433529210241,727.0432248231707,1.1733028487088868,-0.13030714388784356,0.19980669814685825,0.3465216924678316,-8.0,7.998012800340462,-1.5328923043123055e-05,0.0005917775043231405,-15.843987381473525,17.790876563788274,10.964315673890724,-9.941843613878973,0.24995269041984236,-0.01211782532928217,13.0,13.0,13.0
0,195,38.71937989479375,67.60894004437614,-748.0,26.42324438099365,73.80446546800044,-767.4113808716862,752.0466469264799,1.0506951725759737,-0.10378514505010775,771.4048965737924,1.226997450481397,-0.10179795136370688,0.19982128835727053,0.346513279248029,-8.0,7.998267820948172,-1.5387694374480176e-05,0.0005791902419946676,-10.147295860471132,-13.301065917884486,-46.532006253639906,44.36167175062167,0.053694601772510175,0.02850919252413668,13.0,13.0,13.0
0,196,38.919215773008546,67.95544490978955,-756.0,32.54216093121744,79.17590157639194,-762.9312336994116,760.0451617169031,1.050679727010831,-0.10321814506992819,767.7186222716067,1.1808339548733757,-0.1117350020942697,0.19983587821479887,0.34650486541340797,-8.0,7.998514790423201,-1.5445565142657713e-05,0.0005669999801795611,6.118916550223787,5.371436108391492,4.4801471722746555,-3.686274302185666,-0.04616349560802124,-0.009937050730562821,13.0,13.0,13.0
0,197,39.11906624072253,68.30194136075261,-764.0,34.103209075422676,73.72719646142721,-753.418766688733,768.0439157608071,1.0506642244572313,-0.10266295485708872,757.785303609192,1.137547211822445,-0.10740369926033073,0.1998504677139863,0.34649645096305903,-8.0,7.998754043904,-1.550255359972219e-05,0.0005551902128394653,1.5610481442052375,-5.448705114964724,9.51246701067862,-9.93331866241465,-0.04328674305093072,0.004331302833938969,13.0,13.0,13.0
0,198,39.31893129758464,68.64842939665232,-772.0,28.57796612342389,64.85039185807616,-770.9397737651558,776.0429016600896,1.0506486657795782,-0.10211920957492973,774.190162844354,1.155723822599356,-0.09166655544564854,0.19986505686210876,0.34648803589971067,-8.0,7.998985899282502,-1.5558677653126907e-05,0.0005437452821589889,-5.525242951998784,-8.876804603351047,-17.521007076422848,16.404859235161894,0.018176610776911017,0.015737143814682192,13.0,13.0,13.0
0,199,39.51881094323835,68.99490901687386,-780.0,53.834600466333384,42.13780664244415,-822.0991382233955,784.0421123183462,1.0506330518249283,-0.10158655924808761,824.9368169888257,0.6641196571530931,-0.08296804206955971,0.1998796456537093,0.3464796202215439,-8.0,7.999210658256629,-1.5613954649884576e-05,0.0005326503268421184,25.256634342909493,-22.712585215632018,-51.15936445823968,50.74665414447179,-0.49160416544626295,0.008698513376088832,13.0,13.0,13.0
0,200,39.718705177332595,69.34138022080424,-788.0,34.41814391176162,69.699981143288,-795.1406776699084,792.0415409256575,1.0506173834233308,-0.1010646680140894,798.9314071227059,1.1121176259845729,-0.09745261859743884,0.1998942340942449,0.34647120393037767,-8.0,7.999428607311302,-1.5668401597501713e-05,0.0005218912339982062,-19.416456554571766,27.562174500843852,26.958460553487043,-26.005409866119862,0.4479979688314798,-0.014484576527879128,13.0,13.0,13.0
